user_id,result
2000001563151330 ,1
2000001563163750 ,1
2000001563266110 ,1
2000001566046970 ,1
2000001566153560 ,1
2000001568947580 ,1
2000001569852740 ,1
2000001569870860 ,1
2000001569947460 ,1
2000001569957400 ,1
2000001569960120 ,1
2000001570146050 ,1
2000001570945540 ,1
2000001570948070 ,1
2000001572158700 ,1
2000001574249260 ,1
2000001576571970 ,1
2000001577232110 ,1
2000001577274890 ,1
2000001577291360 ,1
2000001577311510 ,1
2000001577312900 ,1
2000001577748300 ,1
2000001577893160 ,1
2000001578008090 ,1
2000001578011430 ,1
2000001578102890 ,1
2000001578257490 ,1
2000001579146750 ,1
2000001579161530 ,1
2000001579565440 ,1
2000001579646720 ,1
2000001580253090 ,1
2000001580356600 ,1
2000001581866980 ,1
2000001582445550 ,1
2000001582452430 ,1
2000001582572680 ,1
2000001582867790 ,1
2000001584178410 ,1
2000001584753080 ,1
2000001586446010 ,1
2000001587053770 ,1
2000001588357100 ,1
2000001589366240 ,1
2000001589656820 ,1
2000001590089590 ,1
2000001590194560 ,1
2000001590856000 ,1
2000001590989660 ,1
2000001591002580 ,1
2000001591027080 ,1
2000001591046900 ,1
2000001591105430 ,1
2000001591140780 ,1
2000001592020030 ,1
2000001592659620 ,1
2000001593589060 ,1
2000001593597480 ,1
2000001593615490 ,1
2000001593634160 ,1
2000001593676910 ,1
2000001593705300 ,1
2000001593854610 ,1
2000001593885070 ,1
2000001594853280 ,1
2000001595087780 ,1
2000001595249580 ,1
2000001595549240 ,1
2000001595607550 ,1
2000001595690850 ,1
2000001596948330 ,1
2000001599548990 ,1
2000001600455900 ,1
2000001600469980 ,1
2000001601645390 ,1
2000001601846110 ,1
2000001602447890 ,1
2000001603351510 ,1
2000001606049010 ,1
2000001606052150 ,1
2000001606082650 ,1
2000001606351040 ,1
2000001606753490 ,1
2000001608456970 ,1
2000001613157340 ,1
2000001619045700 ,1
2000001620045940 ,1
2000001620352230 ,1
2000001626577030 ,1
2000001627552160 ,1
2000001627645660 ,1
2000001631980170 ,1
2000001631983690 ,1
2000001635550080 ,1
2000001635984590 ,1
2000001638450950 ,1
2000001638555900 ,1
2000001639480120 ,1
2000001639504370 ,1
2000001639532170 ,1
2000001640956480 ,1
2000001643282230 ,1
2000001650457010 ,1
2000001652367000 ,1
2000001652389750 ,1
2000001652400380 ,1
2000001652849030 ,1
2000001652849460 ,1
2000001652856870 ,1
2000001652865220 ,1
2000001652873100 ,1
2000001652879140 ,1
2000001652879180 ,1
2000001652879750 ,1
2000001652880150 ,1
2000001652888570 ,1
2000001653249990 ,1
2000001654568230 ,1
2000001656555210 ,1
2000001657569020 ,1
2000001658977360 ,1
2000001659692820 ,1
2000001664676690 ,1
2000001665447270 ,1
2000001665497810 ,1
2000001666547030 ,1
2000001668778300 ,1
2000001669243040 ,1
2000001669725270 ,1
2000001669765070 ,1
2000001670790160 ,1
2000001672448560 ,1
2000001672840190 ,1
2000001672864730 ,1
2000001676435130 ,1
2000001676577820 ,1
2000001677348410 ,1
2000001678065850 ,1
2000001679191230 ,1
2000001680309010 ,1
2000001685347860 ,1
2000001685761030 ,1
2000001687573270 ,1
2000001687845210 ,1
2000001688728900 ,1
2000001689575960 ,1
2000001689584400 ,1
2000001691503770 ,1
2000001695826510 ,1
2000001695931580 ,1
2000001699860730 ,1
2000001699890720 ,1
2000001700354210 ,1
2000001701126040 ,1
2000001704222610 ,1
2000001705710390 ,1
2000001705758960 ,1
2000001706570080 ,1
2000001708205360 ,1
2000001711036320 ,1
2000001713604600 ,1
2000001718468320 ,1
2000001720736390 ,1
2000001721411220 ,1
2000001724184130 ,1
2000001724425820 ,1
2000001729685620 ,1
2000001732330010 ,1
2000001745651180 ,1
2000001746519450 ,1
2000001751915910 ,1
2000001751917020 ,1
2000001752027540 ,1
2000001763197030 ,1
2000001770395280 ,1
2000001779795220 ,1
2000001784500550 ,1
2000001784708800 ,1
2000001785007400 ,1
2000001785013990 ,1
2000001801700780 ,1
2000001824295230 ,1
2000001826800870 ,1
2000001832899300 ,1
2000001843097040 ,1
2000001857800490 ,1
2000001865898130 ,1
2000001871598110 ,1
2000001878895260 ,1
2000001886914100 ,1
2000001887115010 ,1
2000001887117670 ,1
2000001889895380 ,1
2000001892595380 ,1
2000001893299130 ,1
2000001896196680 ,1
2000001902195460 ,1
2000001902199490 ,1
2000001904999800 ,1
2000001915499410 ,1
2000001916795260 ,1
2000001916804340 ,1
2000001917195670 ,1
2000001922197310 ,1
2000001938998740 ,1
2000001940695410 ,1
2000001941899190 ,1
2000001941908840 ,1
2000001948995480 ,1
2000001956698130 ,1
2000001956907130 ,1
2000001969003150 ,1
2000001970123260 ,1
2000001973405890 ,1
2000001977278370 ,1
2000001977358330 ,1
2000001982707310 ,1
2000001984495490 ,1
2000001986796050 ,1
2000001988004840 ,1
2000001988009650 ,1
2000001998296560 ,1
2000001998855730 ,1
2000001998869020 ,1
2000001998906320 ,1
2000002001401150 ,1
2000002002596530 ,1
2000002004573780 ,1
2000002006968300 ,1
2000002054850180 ,1
2000002064325150 ,1
2000002067003190 ,1
2000002155610480 ,1
2000002155612110 ,1
2000002157312920 ,1
2000002157430390 ,1
2000002177798790 ,1
2000002177901870 ,1
2000002181596430 ,1
2000002181705070 ,1
2000002186397310 ,1
2000002186403360 ,1
2000002192119940 ,1
2000002193037240 ,1
2000002193132820 ,1
2000002194312170 ,1
2000002194334790 ,1
2000002194800260 ,1
2000002194899440 ,1
2000002198099990 ,1
2000002199496940 ,1
2000002199627050 ,1
2000002199631180 ,1
2000002203715770 ,1
2000002206802950 ,1
2000002206884430 ,1
2000002206924740 ,1
2000002206976080 ,1
2000002210504310 ,1
2000002215495550 ,1
2000002217897580 ,1
2000002217919840 ,1
2000002219595930 ,1
2000002225347520 ,1
2000002225441790 ,1
2000002231820720 ,1
2000002231824590 ,1
2000002234128790 ,1
2000002235299200 ,1
2000002241397750 ,1
2000002241420600 ,1
2000002252008800 ,1
2000002253324430 ,1
2000002253372950 ,1
2000002253452600 ,1
2000002253475400 ,1
2000002254209330 ,1
2000002257904940 ,1
2000002260107170 ,1
2000002261213830 ,1
2000002262545930 ,1
2000002262636400 ,1
2000002262640270 ,1
2000002268969970 ,1
2000002271824130 ,1
2000002271826610 ,1
2000002272953320 ,1
2000002273235020 ,1
2000002276296880 ,1
2000002276800400 ,1
2000002279048350 ,1
2000002282199550 ,1
2000002282257870 ,1
2000002282313580 ,1
2000002282499810 ,1
2000002282546690 ,1
2000002283936780 ,1
2000002284523970 ,1
2000002286205570 ,1
2000002288401180 ,1
2000002288404630 ,1
2000002288501530 ,1
2000002291107360 ,1
2000002291126090 ,1
2000002293674240 ,1
2000002293735790 ,1
2000002297010750 ,1
2000002297318870 ,1
2000002299097130 ,1
2000002300212070 ,1
2000002302528340 ,1
2000002304016790 ,1
2000002304131060 ,1
2000002306089330 ,1
2000002310597010 ,1
2000002310713310 ,1
2000002310797670 ,1
2000002314690440 ,1
2000002314735220 ,1
2000002319152460 ,1
2000002319163350 ,1
2000002323899490 ,1
2000002326223570 ,1
2000002338298440 ,1
2000002339396870 ,1
2000002339898030 ,1
2000002343908470 ,1
2000002344013770 ,1
2000002345754150 ,1
2000002346684980 ,1
2000002350969830 ,1
2000002351076060 ,1
2000002352752190 ,1
2000002352913550 ,1
2000002352914440 ,1
2000002352917290 ,1
2000002352920030 ,1
2000002352921260 ,1
2000002352922830 ,1
2000002352924820 ,1
2000002352925030 ,1
2000002352925220 ,1
2000002352925770 ,1
2000002353010650 ,1
2000002353011120 ,1
2000002353014480 ,1
2000002353015160 ,1
2000002353017070 ,1
2000002353017100 ,1
2000002353017480 ,1
2000002353017560 ,1
2000002353018990 ,1
2000002353019710 ,1
2000002353020010 ,1
2000002353020220 ,1
2000002353020290 ,1
2000002353137930 ,1
2000002353193020 ,1
2000002353260710 ,1
2000002355497930 ,1
2000002355561380 ,1
2000002355797470 ,1
2000002355799880 ,1
2000002355801270 ,1
2000002355802160 ,1
2000002355802320 ,1
2000002355804520 ,1
2000002355805710 ,1
2000002355808480 ,1
2000002355808980 ,1
2000002355813670 ,1
2000002355817660 ,1
2000002355821930 ,1
2000002355824920 ,1
2000002355831290 ,1
2000002355833960 ,1
2000002355834080 ,1
2000002355834470 ,1
2000002355834490 ,1
2000002355834640 ,1
2000002355834710 ,1
2000002355834790 ,1
2000002355834810 ,1
2000002355835010 ,1
2000002355835640 ,1
2000002355835840 ,1
2000002355836100 ,1
2000002355836180 ,1
2000002355836350 ,1
2000002355837630 ,1
2000002355837680 ,1
2000002355838210 ,1
2000002355840340 ,1
2000002355840980 ,1
2000002355841050 ,1
2000002355843070 ,1
2000002355844270 ,1
2000002355845040 ,1
2000002355845150 ,1
2000002355845340 ,1
2000002355846790 ,1
2000002355847480 ,1
2000002355895280 ,1
2000002355900220 ,1
2000002355901610 ,1
2000002355901680 ,1
2000002355910100 ,1
2000002355911920 ,1
2000002355914060 ,1
2000002355914120 ,1
2000002355923990 ,1
2000002355926040 ,1
2000002355930380 ,1
2000002355930580 ,1
2000002355931970 ,1
2000002355932360 ,1
2000002355934080 ,1
2000002355934180 ,1
2000002355934200 ,1
2000002355934430 ,1
2000002355934560 ,1
2000002355934650 ,1
2000002355934680 ,1
2000002355934940 ,1
2000002355935120 ,1
2000002355935180 ,1
2000002355935630 ,1
2000002355935870 ,1
2000002355937880 ,1
2000002355939260 ,1
2000002355944970 ,1
2000002355946810 ,1
2000002356621130 ,1
2000002356735910 ,1
2000002356742380 ,1
2000002357271490 ,1
2000002357358050 ,1
2000002357392920 ,1
2000002358596090 ,1
2000002358600920 ,1
2000002358608500 ,1
2000002358613400 ,1
2000002358613540 ,1
2000002358614410 ,1
2000002358626070 ,1
2000002358629700 ,1
2000002358629990 ,1
2000002358630270 ,1
2000002358630500 ,1
2000002358632100 ,1
2000002358632650 ,1
2000002358634280 ,1
2000002358634620 ,1
2000002358696300 ,1
2000002358699130 ,1
2000002358797100 ,1
2000002358798090 ,1
2000002358800110 ,1
2000002358807720 ,1
2000002358808880 ,1
2000002358810710 ,1
2000002358822630 ,1
2000002358826730 ,1
2000002358827020 ,1
2000002358827580 ,1
2000002358830030 ,1
2000002358830210 ,1
2000002358830690 ,1
2000002358831810 ,1
2000002358832080 ,1
2000002358834830 ,1
2000002358835450 ,1
2000002358835920 ,1
2000002358836600 ,1
2000002359095510 ,1
2000002359440980 ,1
2000002359470460 ,1
2000002359542340 ,1
2000002359628880 ,1
2000002359772560 ,1
2000002360029500 ,1
2000002360089990 ,1
2000002360522360 ,1
2000002361195240 ,1
2000002361196390 ,1
2000002361196490 ,1
2000002361196910 ,1
2000002361197000 ,1
2000002361197200 ,1
2000002361295930 ,1
2000002361911440 ,1
2000002362002640 ,1
2000002362006530 ,1
2000002362016480 ,1
2000002362019240 ,1
2000002362022330 ,1
2000002362023510 ,1
2000002362024260 ,1
2000002362025360 ,1
2000002362026130 ,1
2000002362027140 ,1
2000002362027290 ,1
2000002362027580 ,1
2000002362027820 ,1
2000002362027990 ,1
2000002362028100 ,1
2000002362029290 ,1
2000002362030160 ,1
2000002362030590 ,1
2000002362031270 ,1
2000002362031580 ,1
2000002362096210 ,1
2000002362115440 ,1
2000002362199470 ,1
2000002362199800 ,1
2000002362203910 ,1
2000002362206650 ,1
2000002362208390 ,1
2000002362208460 ,1
2000002362210260 ,1
2000002362212630 ,1
2000002362216990 ,1
2000002362220560 ,1
2000002362222040 ,1
2000002362223320 ,1
2000002362223830 ,1
2000002362223880 ,1
2000002362224160 ,1
2000002362224340 ,1
2000002362224680 ,1
2000002362224850 ,1
2000002362226760 ,1
2000002362226870 ,1
2000002362227780 ,1
2000002362227880 ,1
2000002362229500 ,1
2000002362229750 ,1
2000002362229820 ,1
2000002362231900 ,1
2000002362232090 ,1
2000002362973250 ,1
2000002362973750 ,1
2000002363444670 ,1
2000002363447350 ,1
2000002363496680 ,1
2000002363497990 ,1
2000002363499270 ,1
2000002363501790 ,1
2000002363503590 ,1
2000002363507440 ,1
2000002363517500 ,1
2000002363518920 ,1
2000002363529890 ,1
2000002363531470 ,1
2000002363535280 ,1
2000002363535470 ,1
2000002363536160 ,1
2000002363536270 ,1
2000002363537920 ,1
2000002363538660 ,1
2000002363539310 ,1
2000002363543170 ,1
2000002363543610 ,1
2000002363544430 ,1
2000002363544880 ,1
2000002363545200 ,1
2000002363545720 ,1
2000002363546080 ,1
2000002363547590 ,1
2000002363548410 ,1
2000002363596370 ,1
2000002363597110 ,1
2000002363600320 ,1
2000002363600580 ,1
2000002363601040 ,1
2000002363601050 ,1
2000002363601360 ,1
2000002363601710 ,1
2000002363602180 ,1
2000002363602190 ,1
2000002363602680 ,1
2000002363603240 ,1
2000002363603570 ,1
2000002363608020 ,1
2000002363610510 ,1
2000002363617330 ,1
2000002363617700 ,1
2000002363625840 ,1
2000002363626900 ,1
2000002363627360 ,1
2000002363632670 ,1
2000002363636160 ,1
2000002363636190 ,1
2000002363636230 ,1
2000002363637970 ,1
2000002363638660 ,1
2000002363638850 ,1
2000002363643140 ,1
2000002364145250 ,1
2000002364336230 ,1
2000002364398940 ,1
2000002364474710 ,1
2000002365066040 ,1
2000002365081160 ,1
2000002365166870 ,1
2000002365296920 ,1
2000002365308780 ,1
2000002365316130 ,1
2000002365392570 ,1
2000002365895990 ,1
2000002365896880 ,1
2000002365896880 ,1
2000002365897870 ,1
2000002365903110 ,1
2000002365996090 ,1
2000002365998330 ,1
2000002366002010 ,1
2000002366003020 ,1
2000002366003230 ,1
2000002366396510 ,1
2000002366398950 ,1
2000002366405000 ,1
2000002366418340 ,1
2000002366418840 ,1
2000002366419070 ,1
2000002366419380 ,1
2000002366421110 ,1
2000002366422170 ,1
2000002366422280 ,1
2000002366422510 ,1
2000002366427630 ,1
2000002366429820 ,1
2000002366430800 ,1
2000002366432090 ,1
2000002366435780 ,1
2000002366436150 ,1
2000002366442660 ,1
2000002366446550 ,1
2000002366448180 ,1
2000002366449740 ,1
2000002366454720 ,1
2000002366454770 ,1
2000002366455130 ,1
2000002366455420 ,1
2000002366455920 ,1
2000002366456480 ,1
2000002366462520 ,1
2000002366462640 ,1
2000002366464070 ,1
2000002366464610 ,1
2000002366471500 ,1
2000002366471780 ,1
2000002366479100 ,1
2000002366479210 ,1
2000002366486260 ,1
2000002366487860 ,1
2000002366493030 ,1
2000002366493270 ,1
2000002366493530 ,1
2000002366494280 ,1
2000002366498180 ,1
2000002366498260 ,1
2000002366498710 ,1
2000002366504430 ,1
2000002366508100 ,1
2000002366514290 ,1
2000002366516010 ,1
2000002366518720 ,1
2000002366520100 ,1
2000002366522360 ,1
2000002366522370 ,1
2000002366522480 ,1
2000002366537840 ,1
2000002366539300 ,1
2000002366556120 ,1
2000002366558740 ,1
2000002366570200 ,1
2000002366574100 ,1
2000002366575370 ,1
2000002366576330 ,1
2000002366593020 ,1
2000002366595170 ,1
2000002366643720 ,1
2000002366677250 ,1
2000002366769160 ,1
2000002366774680 ,1
2000002366799640 ,1
2000002366898840 ,1
2000002367291580 ,1
2000002367319530 ,1
2000002367348740 ,1
2000002367389340 ,1
2000002367694070 ,1
2000002367918250 ,1
2000002368039870 ,1
2000002368295950 ,1
2000002368319170 ,1
2000002368355500 ,1
2000002368395930 ,1
2000002368595220 ,1
2000002368595670 ,1
2000002368597790 ,1
2000002368598130 ,1
2000002368598520 ,1
2000002368600410 ,1
2000002368601430 ,1
2000002368602890 ,1
2000002368603860 ,1
2000002368604520 ,1
2000002368604700 ,1
2000002368606060 ,1
2000002368606250 ,1
2000002368608760 ,1
2000002368695650 ,1
2000002368696060 ,1
2000002368696400 ,1
2000002368699460 ,1
2000002368699530 ,1
2000002368701160 ,1
2000002368703890 ,1
2000002368704420 ,1
2000002368704580 ,1
2000002368705470 ,1
2000002368706000 ,1
2000002368706530 ,1
2000002368708180 ,1
2000002368708550 ,1
2000002368709290 ,1
2000002368710060 ,1
2000002368710100 ,1
2000002370498800 ,1
2000002370500000 ,1
2000002370596610 ,1
2000002370597850 ,1
2000002371297540 ,1
2000002371497720 ,1
2000002371498910 ,1
2000002371506290 ,1
2000002371506310 ,1
2000002371507300 ,1
2000002371510280 ,1
2000002371511960 ,1
2000002371518210 ,1
2000002371518700 ,1
2000002371518920 ,1
2000002371522210 ,1
2000002371523930 ,1
2000002371524190 ,1
2000002371524790 ,1
2000002371526760 ,1
2000002371529440 ,1
2000002371530680 ,1
2000002371598180 ,1
2000002371599880 ,1
2000002371600350 ,1
2000002371600720 ,1
2000002371610580 ,1
2000002371612160 ,1
2000002371613390 ,1
2000002371614450 ,1
2000002371615680 ,1
2000002371617430 ,1
2000002371618860 ,1
2000002371619390 ,1
2000002371619610 ,1
2000002371620230 ,1
2000002371620940 ,1
2000002371621610 ,1
2000002371621700 ,1
2000002371621790 ,1
2000002371622040 ,1
2000002371622250 ,1
2000002371623280 ,1
2000002371623680 ,1
2000002371625630 ,1
2000002371626970 ,1
2000002371627880 ,1
2000002371629640 ,1
2000002371856310 ,1
2000002372447010 ,1
2000002372479270 ,1
2000002372516530 ,1
2000002373897570 ,1
2000002374096000 ,1
2000002374195250 ,1
2000002374695870 ,1
2000002374700450 ,1
2000002374704270 ,1
2000002374995690 ,1
2000002375001470 ,1
2000002375008910 ,1
2000002375195250 ,1
2000002375196180 ,1
2000002375296400 ,1
2000002376997510 ,1
2000002377010670 ,1
2000002377011230 ,1
2000002377018590 ,1
2000002377021530 ,1
2000002377024310 ,1
2000002377025010 ,1
2000002377027680 ,1
2000002377098890 ,1
2000002377099830 ,1
2000002377105190 ,1
2000002377115560 ,1
2000002377115600 ,1
2000002377115670 ,1
2000002377116270 ,1
2000002377118990 ,1
2000002377120690 ,1
2000002377122610 ,1
2000002377122820 ,1
2000002377123510 ,1
2000002377123740 ,1
2000002377124420 ,1
2000002377125660 ,1
2000002377127900 ,1
2000002377128470 ,1
2000002378076410 ,1
2000002378206180 ,1
2000002378208640 ,1
2000002378236450 ,1
2000002378283620 ,1
2000002378284700 ,1
2000002378332690 ,1
2000002378696640 ,1
2000002378696750 ,1
2000002378697680 ,1
2000002378698270 ,1
2000002378701890 ,1
2000002378702770 ,1
2000002378703870 ,1
2000002378704400 ,1
2000002378706560 ,1
2000002378709450 ,1
2000002378714890 ,1
2000002378721020 ,1
2000002378721530 ,1
2000002378722480 ,1
2000002378727310 ,1
2000002378728470 ,1
2000002378730260 ,1
2000002378730330 ,1
2000002378730520 ,1
2000002378731660 ,1
2000002378795330 ,1
2000002378796410 ,1
2000002378796870 ,1
2000002378796970 ,1
2000002378798630 ,1
2000002378799590 ,1
2000002378801160 ,1
2000002378807390 ,1
2000002378807600 ,1
2000002378810500 ,1
2000002378810750 ,1
2000002378817330 ,1
2000002378819240 ,1
2000002378819870 ,1
2000002378823230 ,1
2000002378824290 ,1
2000002378824690 ,1
2000002378824740 ,1
2000002378826580 ,1
2000002378829830 ,1
2000002378830980 ,1
2000002378831030 ,1
2000002378831310 ,1
2000002378831660 ,1
2000002380705970 ,1
2000002380785520 ,1
2000002381295660 ,1
2000002381298540 ,1
2000002381304430 ,1
2000002381306200 ,1
2000002381307390 ,1
2000002381312140 ,1
2000002381315930 ,1
2000002381316380 ,1
2000002381318160 ,1
2000002381320480 ,1
2000002381324800 ,1
2000002381325700 ,1
2000002381327220 ,1
2000002381332120 ,1
2000002381332690 ,1
2000002381333680 ,1
2000002381334240 ,1
2000002381334680 ,1
2000002381335800 ,1
2000002381336240 ,1
2000002381338100 ,1
2000002381338900 ,1
2000002381341780 ,1
2000002381342420 ,1
2000002381342540 ,1
2000002381342580 ,1
2000002381342730 ,1
2000002381342820 ,1
2000002381343290 ,1
2000002381343420 ,1
2000002381343880 ,1
2000002381344020 ,1
2000002381347830 ,1
2000002381348830 ,1
2000002381354750 ,1
2000002381356160 ,1
2000002381356980 ,1
2000002381358780 ,1
2000002381358860 ,1
2000002381361000 ,1
2000002381361420 ,1
2000002381407990 ,1
2000002381415450 ,1
2000002381416840 ,1
2000002381419120 ,1
2000002381419420 ,1
2000002381421500 ,1
2000002381421930 ,1
2000002381424670 ,1
2000002381425300 ,1
2000002381427750 ,1
2000002381430450 ,1
2000002381431740 ,1
2000002381435520 ,1
2000002381437450 ,1
2000002381438420 ,1
2000002381439820 ,1
2000002381439890 ,1
2000002381440120 ,1
2000002381441110 ,1
2000002381441150 ,1
2000002381441410 ,1
2000002381441560 ,1
2000002381442180 ,1
2000002381442370 ,1
2000002381442390 ,1
2000002381443280 ,1
2000002381444900 ,1
2000002381447000 ,1
2000002381455390 ,1
2000002381597790 ,1
2000002381637280 ,1
2000002382199890 ,1
2000002382220100 ,1
2000002382310260 ,1
2000002382311680 ,1
2000002382934110 ,1
2000002382975810 ,1
2000002382998900 ,1
2000002383027860 ,1
2000002383029840 ,1
2000002383031350 ,1
2000002383070770 ,1
2000002383112940 ,1
2000002383521240 ,1
2000002384034410 ,1
2000002384047960 ,1
2000002384275720 ,1
2000002384295540 ,1
2000002384301580 ,1
2000002384302980 ,1
2000002384302990 ,1
2000002384303220 ,1
2000002384303530 ,1
2000002384307720 ,1
2000002384314340 ,1
2000002384315560 ,1
2000002384399770 ,1
2000002384400660 ,1
2000002384402050 ,1
2000002384402150 ,1
2000002384403110 ,1
2000002384403150 ,1
2000002384407360 ,1
2000002384408090 ,1
2000002384414270 ,1
2000002384898060 ,1
2000002384907730 ,1
2000002384912210 ,1
2000002384917480 ,1
2000002384917530 ,1
2000002384919530 ,1
2000002384919740 ,1
2000002384919890 ,1
2000002384920360 ,1
2000002384926480 ,1
2000002384928970 ,1
2000002384929070 ,1
2000002384930840 ,1
2000002384933690 ,1
2000002384941610 ,1
2000002384943640 ,1
2000002384949230 ,1
2000002384949900 ,1
2000002384950040 ,1
2000002384952050 ,1
2000002384956440 ,1
2000002384957890 ,1
2000002384959810 ,1
2000002384960060 ,1
2000002384960870 ,1
2000002384963180 ,1
2000002384969970 ,1
2000002384977860 ,1
2000002384978400 ,1
2000002384985400 ,1
2000002384985530 ,1
2000002384989560 ,1
2000002384990430 ,1
2000002384995840 ,1
2000002384998480 ,1
2000002385001510 ,1
2000002385003310 ,1
2000002385019050 ,1
2000002385020590 ,1
2000002385020980 ,1
2000002385031350 ,1
2000002385032770 ,1
2000002385036280 ,1
2000002385039550 ,1
2000002385048320 ,1
2000002385049360 ,1
2000002385049450 ,1
2000002385051510 ,1
2000002385055550 ,1
2000002385055710 ,1
2000002385058730 ,1
2000002385073780 ,1
2000002385078480 ,1
2000002385080890 ,1
2000002385086020 ,1
2000002385088210 ,1
2000002385090120 ,1
2000002385176170 ,1
2000002385178110 ,1
2000002385191050 ,1
2000002385300230 ,1
2000002385374940 ,1
2000002385484750 ,1
2000002385795880 ,1
2000002385827450 ,1
2000002385914360 ,1
2000002386120410 ,1
2000002386223530 ,1
2000002387418430 ,1
2000002390496740 ,1
2000002390497210 ,1
2000002390497410 ,1
2000002390498780 ,1
2000002390498800 ,1
2000002390499530 ,1
2000002390499770 ,1
2000002390500060 ,1
2000002390500990 ,1
2000002390501730 ,1
2000002390503900 ,1
2000002390510620 ,1
2000002390695320 ,1
2000002390696970 ,1
2000002390697240 ,1
2000002390697240 ,1
2000002390698120 ,1
2000002390698330 ,1
2000002390698650 ,1
2000002390699090 ,1
2000002390703010 ,1
2000002390704120 ,1
2000002390704220 ,1
2000002390710110 ,1
2000002391097130 ,1
2000002391504080 ,1
2000002393896670 ,1
2000002393896690 ,1
2000002393897170 ,1
2000002393898850 ,1
2000002393900310 ,1
2000002393902160 ,1
2000002393903550 ,1
2000002393903640 ,1
2000002393903720 ,1
2000002393904230 ,1
2000002393904330 ,1
2000002393904680 ,1
2000002393905110 ,1
2000002393906030 ,1
2000002393906880 ,1
2000002393907250 ,1
2000002393908270 ,1
2000002393908590 ,1
2000002393908820 ,1
2000002393908910 ,1
2000002393909830 ,1
2000002393996970 ,1
2000002394001480 ,1
2000002394003060 ,1
2000002394004100 ,1
2000002394004620 ,1
2000002394006910 ,1
2000002394008220 ,1
2000002394008220 ,1
2000002394009040 ,1
2000002394010230 ,1
2000002394845160 ,1
2000002394941660 ,1
2000002395496040 ,1
2000002395496260 ,1
2000002395497460 ,1
2000002395595450 ,1
2000002395595820 ,1
2000002395595910 ,1
2000002395596830 ,1
2000002395597420 ,1
2000002395699240 ,1
2000002395707700 ,1
2000002395708320 ,1
2000002395710190 ,1
2000002395798460 ,1
2000002395799740 ,1
2000002395803660 ,1
2000002395804150 ,1
2000002395811490 ,1
2000002396195530 ,1
2000002396696150 ,1
2000002396796790 ,1
2000002397196040 ,1
2000002397200830 ,1
2000002397496670 ,1
2000002397497490 ,1
2000002397498790 ,1
2000002397499050 ,1
2000002397500020 ,1
2000002397500510 ,1
2000002397502510 ,1
2000002397502760 ,1
2000002397506640 ,1
2000002397512320 ,1
2000002397513270 ,1
2000002397513460 ,1
2000002397513800 ,1
2000002397516660 ,1
2000002397520370 ,1
2000002397523260 ,1
2000002397526200 ,1
2000002397526280 ,1
2000002397527250 ,1
2000002397528140 ,1
2000002397595890 ,1
2000002397601390 ,1
2000002397602090 ,1
2000002397604830 ,1
2000002397604880 ,1
2000002397607780 ,1
2000002397608180 ,1
2000002397613510 ,1
2000002397618000 ,1
2000002397618940 ,1
2000002397619120 ,1
2000002397621360 ,1
2000002397622450 ,1
2000002397622620 ,1
2000002397623270 ,1
2000002397624250 ,1
2000002397625580 ,1
2000002398695210 ,1
2000002399097790 ,1
2000002399595770 ,1
2000002399596680 ,1
2000002399695660 ,1
2000002399696740 ,1
2000002399696870 ,1
2000002399696930 ,1
2000002399697160 ,1
2000002400295360 ,1
2000002400296390 ,1
2000002400298030 ,1
2000002400298530 ,1
2000002400695430 ,1
2000002400699190 ,1
2000002400708630 ,1
2000002400715370 ,1
2000002400717130 ,1
2000002400718940 ,1
2000002400720540 ,1
2000002400721810 ,1
2000002400722860 ,1
2000002400725040 ,1
2000002400725400 ,1
2000002400725940 ,1
2000002400726040 ,1
2000002400726460 ,1
2000002400729300 ,1
2000002400795340 ,1
2000002400802170 ,1
2000002400806270 ,1
2000002400808650 ,1
2000002400809250 ,1
2000002400809590 ,1
2000002400815710 ,1
2000002400818030 ,1
2000002400819300 ,1
2000002400820020 ,1
2000002400822200 ,1
2000002400822260 ,1
2000002400823000 ,1
2000002400823920 ,1
2000002400824820 ,1
2000002400827580 ,1
2000002400829360 ,1
2000002401087700 ,1
2000002401495230 ,1
2000002402197680 ,1
2000002402217700 ,1
2000002402218270 ,1
2000002402244660 ,1
2000002402695450 ,1
2000002402698260 ,1
2000002402698760 ,1
2000002403396470 ,1
2000002403397600 ,1
2000002403397850 ,1
2000002403496210 ,1
2000002403496700 ,1
2000002403497030 ,1
2000002403497430 ,1
2000002403497540 ,1
2000002404295950 ,1
2000002404296890 ,1
2000002404297950 ,1
2000002404298430 ,1
2000002404299480 ,1
2000002404301350 ,1
2000002404303790 ,1
2000002404306380 ,1
2000002404316750 ,1
2000002404320020 ,1
2000002404328380 ,1
2000002404331050 ,1
2000002404332290 ,1
2000002404332390 ,1
2000002404332940 ,1
2000002404334970 ,1
2000002404336560 ,1
2000002404342570 ,1
2000002404345750 ,1
2000002404351430 ,1
2000002404356030 ,1
2000002404357550 ,1
2000002404357690 ,1
2000002404357970 ,1
2000002404358460 ,1
2000002404362070 ,1
2000002404370780 ,1
2000002404372660 ,1
2000002404378800 ,1
2000002404380340 ,1
2000002404395420 ,1
2000002404395720 ,1
2000002404397230 ,1
2000002404397750 ,1
2000002404398690 ,1
2000002404399290 ,1
2000002404403610 ,1
2000002404411560 ,1
2000002404412930 ,1
2000002404413270 ,1
2000002404416050 ,1
2000002404416200 ,1
2000002404421710 ,1
2000002404431430 ,1
2000002404432770 ,1
2000002404436500 ,1
2000002404438310 ,1
2000002404442560 ,1
2000002404455050 ,1
2000002404456210 ,1
2000002404462830 ,1
2000002404468790 ,1
2000002404469960 ,1
2000002404470000 ,1
2000002404471770 ,1
2000002404472140 ,1
2000002404472410 ,1
2000002405447110 ,1
2000002405453130 ,1
2000002405860520 ,1
2000002406239340 ,1
2000002406997440 ,1
2000002407004820 ,1
2000002407006160 ,1
2000002407013870 ,1
2000002407101520 ,1
2000002407101740 ,1
2000002407103400 ,1
2000002407106450 ,1
2000002407109780 ,1
2000002407110320 ,1
2000002407111130 ,1
2000002407111480 ,1
2000002407219920 ,1
2000002407361200 ,1
2000002407400880 ,1
2000002408396190 ,1
2000002408495770 ,1
2000002408795310 ,1
2000002408795960 ,1
2000002408796150 ,1
2000002408797600 ,1
2000002408798780 ,1
2000002408798900 ,1
2000002408801170 ,1
2000002408801380 ,1
2000002408802310 ,1
2000002408895370 ,1
2000002408896340 ,1
2000002408897070 ,1
2000002408898800 ,1
2000002408899950 ,1
2000002408900340 ,1
2000002408900580 ,1
2000002408902020 ,1
2000002409200490 ,1
2000002409206930 ,1
2000002409699360 ,1
2000002409700040 ,1
2000002409700840 ,1
2000002409701730 ,1
2000002409704180 ,1
2000002409709000 ,1
2000002409711690 ,1
2000002409716560 ,1
2000002409717620 ,1
2000002409717660 ,1
2000002409720520 ,1
2000002409722070 ,1
2000002409729890 ,1
2000002409733510 ,1
2000002409733990 ,1
2000002409738950 ,1
2000002409795830 ,1
2000002409796600 ,1
2000002409797710 ,1
2000002409797900 ,1
2000002409804160 ,1
2000002409806240 ,1
2000002409807030 ,1
2000002409817980 ,1
2000002409819170 ,1
2000002409820080 ,1
2000002409820420 ,1
2000002409821230 ,1
2000002409821810 ,1
2000002409822440 ,1
2000002409824780 ,1
2000002409825130 ,1
2000002409826140 ,1
2000002409833820 ,1
2000002409835210 ,1
2000002409835940 ,1
2000002409836230 ,1
2000002409836240 ,1
2000002409836390 ,1
2000002409836810 ,1
2000002409837420 ,1
2000002409838090 ,1
2000002409838190 ,1
2000002409838340 ,1
2000002410740450 ,1
2000002410743590 ,1
2000002410768870 ,1
2000002411119070 ,1
2000002411399920 ,1
2000002411408390 ,1
2000002411411020 ,1
2000002411412010 ,1
2000002411415320 ,1
2000002411417020 ,1
2000002411417900 ,1
2000002411419130 ,1
2000002411421180 ,1
2000002411424390 ,1
2000002411424790 ,1
2000002411425650 ,1
2000002411426960 ,1
2000002411427730 ,1
2000002411427940 ,1
2000002411429260 ,1
2000002411429330 ,1
2000002411431050 ,1
2000002411431300 ,1
2000002411432630 ,1
2000002411434170 ,1
2000002411435490 ,1
2000002411438050 ,1
2000002411438430 ,1
2000002411439180 ,1
2000002411439460 ,1
2000002411439900 ,1
2000002411440680 ,1
2000002411440770 ,1
2000002411441230 ,1
2000002411441520 ,1
2000002411442000 ,1
2000002411442820 ,1
2000002411496050 ,1
2000002411498130 ,1
2000002411499390 ,1
2000002411500110 ,1
2000002411509130 ,1
2000002411510190 ,1
2000002411510190 ,1
2000002411522070 ,1
2000002411522590 ,1
2000002411522740 ,1
2000002411524720 ,1
2000002411528080 ,1
2000002411528180 ,1
2000002411531160 ,1
2000002411532730 ,1
2000002411533340 ,1
2000002411536130 ,1
2000002411536460 ,1
2000002411539810 ,1
2000002412341390 ,1
2000002412569770 ,1
2000002412570000 ,1
2000002412785480 ,1
2000002412802030 ,1
2000002412841490 ,1
2000002413324770 ,1
2000002413897640 ,1
2000002413899130 ,1
2000002413903530 ,1
2000002413903740 ,1
2000002413905340 ,1
2000002413905590 ,1
2000002413995580 ,1
2000002413996430 ,1
2000002413997920 ,1
2000002414006650 ,1
2000002414010250 ,1
2000002414011180 ,1
2000002414457830 ,1
2000002414995240 ,1
2000002414998510 ,1
2000002414999260 ,1
2000002415004770 ,1
2000002415005970 ,1
2000002415006550 ,1
2000002415008610 ,1
2000002415010200 ,1
2000002415010470 ,1
2000002415011200 ,1
2000002415011320 ,1
2000002415011500 ,1
2000002415011550 ,1
2000002415011850 ,1
2000002415011930 ,1
2000002415013600 ,1
2000002415014440 ,1
2000002415015710 ,1
2000002415016000 ,1
2000002415016020 ,1
2000002415016710 ,1
2000002415017110 ,1
2000002415017880 ,1
2000002415019820 ,1
2000002415020980 ,1
2000002415021860 ,1
2000002415022210 ,1
2000002415023760 ,1
2000002415024680 ,1
2000002415025040 ,1
2000002415025560 ,1
2000002415030170 ,1
2000002415033830 ,1
2000002415039900 ,1
2000002415044010 ,1
2000002415047970 ,1
2000002415054970 ,1
2000002415055300 ,1
2000002415056730 ,1
2000002415057630 ,1
2000002415058030 ,1
2000002415058690 ,1
2000002415095760 ,1
2000002415096440 ,1
2000002415098500 ,1
2000002415098760 ,1
2000002415100540 ,1
2000002415102050 ,1
2000002415105340 ,1
2000002415106590 ,1
2000002415107120 ,1
2000002415107960 ,1
2000002415108510 ,1
2000002415110420 ,1
2000002415110670 ,1
2000002415112000 ,1
2000002415112020 ,1
2000002415112970 ,1
2000002415114670 ,1
2000002415115650 ,1
2000002415116210 ,1
2000002415116760 ,1
2000002415116990 ,1
2000002415117700 ,1
2000002415118310 ,1
2000002415119330 ,1
2000002415121180 ,1
2000002415121910 ,1
2000002415122380 ,1
2000002415122730 ,1
2000002415125190 ,1
2000002415125750 ,1
2000002415131470 ,1
2000002415132780 ,1
2000002415133390 ,1
2000002415133620 ,1
2000002415136460 ,1
2000002415137030 ,1
2000002415139760 ,1
2000002415152630 ,1
2000002415156490 ,1
2000002415158730 ,1
2000002415159400 ,1
2000002415350890 ,1
2000002415539960 ,1
2000002415590090 ,1
2000002415670810 ,1
2000002416900610 ,1
2000002417096810 ,1
2000002417179080 ,1
2000002417799420 ,1
2000002417800980 ,1
2000002417803220 ,1
2000002417803430 ,1
2000002417804500 ,1
2000002417805220 ,1
2000002417896090 ,1
2000002417896540 ,1
2000002417896830 ,1
2000002417896910 ,1
2000002417899620 ,1
2000002417899830 ,1
2000002417900240 ,1
2000002417904250 ,1
2000002417905680 ,1
2000002419120150 ,1
2000002419120210 ,1
2000002419297260 ,1
2000002419508710 ,1
2000002419510320 ,1
2000002419517930 ,1
2000002419518540 ,1
2000002419522020 ,1
2000002419524510 ,1
2000002419532860 ,1
2000002419546830 ,1
2000002419548210 ,1
2000002419552690 ,1
2000002419553580 ,1
2000002419557250 ,1
2000002419563240 ,1
2000002419563960 ,1
2000002419564020 ,1
2000002419564820 ,1
2000002419567830 ,1
2000002419569420 ,1
2000002419570130 ,1
2000002419573950 ,1
2000002419575940 ,1
2000002419581170 ,1
2000002419586790 ,1
2000002419595070 ,1
2000002419595970 ,1
2000002419602990 ,1
2000002419634580 ,1
2000002419639670 ,1
2000002419639880 ,1
2000002419640290 ,1
2000002419640530 ,1
2000002419647280 ,1
2000002419647660 ,1
2000002419655920 ,1
2000002419662880 ,1
2000002419662990 ,1
2000002419664210 ,1
2000002419664560 ,1
2000002419668010 ,1
2000002419668880 ,1
2000002419668960 ,1
2000002419669250 ,1
2000002419671270 ,1
2000002419671760 ,1
2000002419674910 ,1
2000002419679960 ,1
2000002419680390 ,1
2000002419684870 ,1
2000002419687330 ,1
2000002419687710 ,1
2000002419873030 ,1
2000002419925020 ,1
2000002420098860 ,1
2000002420466080 ,1
2000002420496740 ,1
2000002420569830 ,1
2000002420996070 ,1
2000002420996440 ,1
2000002420998670 ,1
2000002420999530 ,1
2000002421001220 ,1
2000002421004450 ,1
2000002421006290 ,1
2000002421007290 ,1
2000002421009030 ,1
2000002421011430 ,1
2000002421015690 ,1
2000002421017710 ,1
2000002421026810 ,1
2000002421029540 ,1
2000002421031040 ,1
2000002421033210 ,1
2000002421034360 ,1
2000002421034410 ,1
2000002421060850 ,1
2000002421067250 ,1
2000002421067620 ,1
2000002421068520 ,1
2000002421072810 ,1
2000002421073360 ,1
2000002421073630 ,1
2000002421075410 ,1
2000002421077990 ,1
2000002421081330 ,1
2000002421082250 ,1
2000002421082280 ,1
2000002421082560 ,1
2000002421082910 ,1
2000002421083010 ,1
2000002421083430 ,1
2000002421084690 ,1
2000002421086000 ,1
2000002421086620 ,1
2000002421088400 ,1
2000002421093270 ,1
2000002421096200 ,1
2000002421097200 ,1
2000002421098760 ,1
2000002421099590 ,1
2000002421100020 ,1
2000002421101420 ,1
2000002421102610 ,1
2000002421102730 ,1
2000002421103940 ,1
2000002421104150 ,1
2000002421114370 ,1
2000002421116590 ,1
2000002421121300 ,1
2000002421123030 ,1
2000002421124140 ,1
2000002421127860 ,1
2000002421129660 ,1
2000002421132250 ,1
2000002421139010 ,1
2000002421146720 ,1
2000002421148230 ,1
2000002421155050 ,1
2000002421168330 ,1
2000002421168500 ,1
2000002421171230 ,1
2000002421172760 ,1
2000002421174000 ,1
2000002421174040 ,1
2000002421174450 ,1
2000002421176210 ,1
2000002421176830 ,1
2000002421177070 ,1
2000002421177430 ,1
2000002421177690 ,1
2000002421179520 ,1
2000002421182370 ,1
2000002421182630 ,1
2000002421184270 ,1
2000002421512120 ,1
2000002421627350 ,1
2000002421650730 ,1
2000002421671340 ,1
2000002421782670 ,1
2000002421884870 ,1
2000002423419260 ,1
2000002423420910 ,1
2000002423426720 ,1
2000002423427220 ,1
2000002423432110 ,1
2000002423432350 ,1
2000002423436020 ,1
2000002423436950 ,1
2000002423436960 ,1
2000002423437630 ,1
2000002423437800 ,1
2000002423439190 ,1
2000002423439410 ,1
2000002423440630 ,1
2000002423440810 ,1
2000002423441440 ,1
2000002423443590 ,1
2000002423802270 ,1
2000002423810240 ,1
2000002423820530 ,1
2000002423824880 ,1
2000002423826120 ,1
2000002423827500 ,1
2000002423830100 ,1
2000002423830670 ,1
2000002423831760 ,1
2000002423837200 ,1
2000002423837590 ,1
2000002423838770 ,1
2000002423840530 ,1
2000002423840750 ,1
2000002424426350 ,1
2000002424428770 ,1
2000002426295430 ,1
2000002426297530 ,1
2000002426300820 ,1
2000002426304720 ,1
2000002426307150 ,1
2000002426314430 ,1
2000002426322590 ,1
2000002426324560 ,1
2000002426325510 ,1
2000002426328690 ,1
2000002426329100 ,1
2000002426330000 ,1
2000002426330030 ,1
2000002426332200 ,1
2000002426395970 ,1
2000002426422430 ,1
2000002426425480 ,1
2000002426428750 ,1
2000002426901460 ,1
2000002427183210 ,1
2000002427205570 ,1
2000002427797860 ,1
2000002427801570 ,1
2000002427801780 ,1
2000002427895540 ,1
2000002427896600 ,1
2000002427896600 ,1
2000002427899790 ,1
2000002427900240 ,1
2000002427900920 ,1
2000002428499210 ,1
2000002428499450 ,1
2000002428499470 ,1
2000002428500910 ,1
2000002428503070 ,1
2000002428507910 ,1
2000002428510160 ,1
2000002428513520 ,1
2000002428519260 ,1
2000002428527550 ,1
2000002428527730 ,1
2000002428528300 ,1
2000002428531110 ,1
2000002428532510 ,1
2000002428533010 ,1
2000002428533350 ,1
2000002428535550 ,1
2000002428536630 ,1
2000002428597460 ,1
2000002428597630 ,1
2000002428608510 ,1
2000002428610800 ,1
2000002428613660 ,1
2000002428624000 ,1
2000002428626160 ,1
2000002428628020 ,1
2000002428628080 ,1
2000002428628730 ,1
2000002428629920 ,1
2000002428630600 ,1
2000002428630760 ,1
2000002428631150 ,1
2000002428631300 ,1
2000002428631800 ,1
2000002428631970 ,1
2000002428633090 ,1
2000002429466880 ,1
2000002430096540 ,1
2000002431181320 ,1
2000002432199250 ,1
2000002432199660 ,1
2000002432201660 ,1
2000002432203710 ,1
2000002432203990 ,1
2000002432206800 ,1
2000002432295340 ,1
2000002432296230 ,1
2000002432297680 ,1
2000002432298770 ,1
2000002432299060 ,1
2000002432300630 ,1
2000002432301060 ,1
2000002432301670 ,1
2000002432301700 ,1
2000002432303510 ,1
2000002432303890 ,1
2000002432303920 ,1
2000002432304090 ,1
2000002432304450 ,1
2000002432304510 ,1
2000002432305640 ,1
2000002432306680 ,1
2000002432513750 ,1
2000002433009700 ,1
2000002433012970 ,1
2000002433598040 ,1
2000002433598260 ,1
2000002433606950 ,1
2000002433610560 ,1
2000002433611850 ,1
2000002433614630 ,1
2000002433620740 ,1
2000002433623270 ,1
2000002433623910 ,1
2000002433625670 ,1
2000002433627220 ,1
2000002433627300 ,1
2000002433627420 ,1
2000002433628300 ,1
2000002433628520 ,1
2000002433628690 ,1
2000002433628740 ,1
2000002433629280 ,1
2000002433629460 ,1
2000002433629690 ,1
2000002433630050 ,1
2000002433630370 ,1
2000002433630750 ,1
2000002433633290 ,1
2000002433634040 ,1
2000002433634870 ,1
2000002433635410 ,1
2000002433635530 ,1
2000002433635940 ,1
2000002433636480 ,1
2000002433636660 ,1
2000002433636860 ,1
2000002433637160 ,1
2000002433637420 ,1
2000002433638350 ,1
2000002433638480 ,1
2000002433696220 ,1
2000002433700790 ,1
2000002433702670 ,1
2000002433704590 ,1
2000002433705040 ,1
2000002433719100 ,1
2000002433727150 ,1
2000002433727610 ,1
2000002433728860 ,1
2000002433729340 ,1
2000002433730400 ,1
2000002433731650 ,1
2000002433733220 ,1
2000002433734020 ,1
2000002433736620 ,1
2000002433736990 ,1
2000002433738860 ,1
2000002433740300 ,1
2000002434822510 ,1
2000002434914620 ,1
2000002435204530 ,1
2000002435707970 ,1
2000002435716900 ,1
2000002435895940 ,1
2000002435898790 ,1
2000002435906850 ,1
2000002435908030 ,1
2000002435916100 ,1
2000002435920270 ,1
2000002436078440 ,1
2000002436198530 ,1
2000002436208400 ,1
2000002436218370 ,1
2000002436223910 ,1
2000002436232240 ,1
2000002436237860 ,1
2000002436238620 ,1
2000002436239890 ,1
2000002436243140 ,1
2000002436247470 ,1
2000002436252470 ,1
2000002436254050 ,1
2000002436255660 ,1
2000002436260600 ,1
2000002436263290 ,1
2000002436264250 ,1
2000002436271420 ,1
2000002436271500 ,1
2000002436279160 ,1
2000002436284080 ,1
2000002436291680 ,1
2000002436292000 ,1
2000002436300060 ,1
2000002436304120 ,1
2000002436308270 ,1
2000002436313760 ,1
2000002436314540 ,1
2000002436318380 ,1
2000002436324150 ,1
2000002436325920 ,1
2000002436329900 ,1
2000002436333710 ,1
2000002436334660 ,1
2000002436336430 ,1
2000002436336890 ,1
2000002436337270 ,1
2000002436337580 ,1
2000002436340690 ,1
2000002436342240 ,1
2000002436343170 ,1
2000002436346510 ,1
2000002436353950 ,1
2000002436355800 ,1
2000002436355830 ,1
2000002436362920 ,1
2000002436367430 ,1
2000002436368970 ,1
2000002436372620 ,1
2000002436376740 ,1
2000002436384660 ,1
2000002436389510 ,1
2000002436391580 ,1
2000002436969410 ,1
2000002436980640 ,1
2000002436981050 ,1
2000002437199410 ,1
2000002437309730 ,1
2000002437347600 ,1
2000002437653240 ,1
2000002437698710 ,1
2000002437704090 ,1
2000002437707540 ,1
2000002437708410 ,1
2000002437715550 ,1
2000002437716530 ,1
2000002437726160 ,1
2000002437728020 ,1
2000002437743170 ,1
2000002437747080 ,1
2000002437747560 ,1
2000002437747900 ,1
2000002437748340 ,1
2000002437748670 ,1
2000002437748850 ,1
2000002437751220 ,1
2000002437752680 ,1
2000002437754850 ,1
2000002437755710 ,1
2000002437757240 ,1
2000002437757260 ,1
2000002437757800 ,1
2000002437758630 ,1
2000002437759710 ,1
2000002437760980 ,1
2000002437763430 ,1
2000002437800660 ,1
2000002437801050 ,1
2000002437809610 ,1
2000002437823620 ,1
2000002437826160 ,1
2000002437826740 ,1
2000002437831050 ,1
2000002437838800 ,1
2000002437838850 ,1
2000002437843720 ,1
2000002437843810 ,1
2000002437844190 ,1
2000002437845760 ,1
2000002437850720 ,1
2000002437852180 ,1
2000002437856170 ,1
2000002437856820 ,1
2000002437858230 ,1
2000002438183970 ,1
2000002438399980 ,1
2000002438796510 ,1
2000002439496230 ,1
2000002439507070 ,1
2000002439509940 ,1
2000002439513160 ,1
2000002439514420 ,1
2000002439525680 ,1
2000002439535760 ,1
2000002439535790 ,1
2000002439538000 ,1
2000002439538020 ,1
2000002439540220 ,1
2000002439540740 ,1
2000002439610810 ,1
2000002439617910 ,1
2000002439620050 ,1
2000002439621360 ,1
2000002439625440 ,1
2000002439634170 ,1
2000002439636500 ,1
2000002439636650 ,1
2000002439638540 ,1
2000002439639420 ,1
2000002439640790 ,1
2000002439640990 ,1
2000002439641210 ,1
2000002440845140 ,1
2000002440909310 ,1
2000002441397740 ,1
2000002441399440 ,1
2000002441399910 ,1
2000002441401980 ,1
2000002441411480 ,1
2000002441413730 ,1
2000002441418930 ,1
2000002441422420 ,1
2000002441436750 ,1
2000002441444450 ,1
2000002441449300 ,1
2000002441449450 ,1
2000002441449830 ,1
2000002441450030 ,1
2000002441450110 ,1
2000002441453000 ,1
2000002441456040 ,1
2000002441456340 ,1
2000002441456410 ,1
2000002441457450 ,1
2000002441459010 ,1
2000002441459360 ,1
2000002441460910 ,1
2000002441461830 ,1
2000002441495730 ,1
2000002441495790 ,1
2000002441496530 ,1
2000002441502430 ,1
2000002441503990 ,1
2000002441504690 ,1
2000002441505390 ,1
2000002441511370 ,1
2000002441517180 ,1
2000002441525130 ,1
2000002441525290 ,1
2000002441534760 ,1
2000002441537810 ,1
2000002441540830 ,1
2000002441542460 ,1
2000002441545730 ,1
2000002441546700 ,1
2000002441548310 ,1
2000002441550550 ,1
2000002441550760 ,1
2000002441552130 ,1
2000002441552300 ,1
2000002441553670 ,1
2000002441553700 ,1
2000002441553900 ,1
2000002441950820 ,1
2000002444135990 ,1
2000002444896570 ,1
2000002444897250 ,1
2000002444898090 ,1
2000002444902920 ,1
2000002444903450 ,1
2000002444903830 ,1
2000002444908330 ,1
2000002444911660 ,1
2000002444920370 ,1
2000002444927120 ,1
2000002444931890 ,1
2000002444933130 ,1
2000002444942870 ,1
2000002444944040 ,1
2000002444945110 ,1
2000002444950170 ,1
2000002444950360 ,1
2000002444950720 ,1
2000002444951030 ,1
2000002444951250 ,1
2000002444951490 ,1
2000002444952690 ,1
2000002444954940 ,1
2000002444956540 ,1
2000002444956720 ,1
2000002444958100 ,1
2000002444995570 ,1
2000002444995740 ,1
2000002444996580 ,1
2000002444996870 ,1
2000002444997300 ,1
2000002444999100 ,1
2000002445001930 ,1
2000002445003870 ,1
2000002445007220 ,1
2000002445008690 ,1
2000002445011960 ,1
2000002445013700 ,1
2000002445015980 ,1
2000002445017950 ,1
2000002445023230 ,1
2000002445030270 ,1
2000002445038500 ,1
2000002445040650 ,1
2000002445043980 ,1
2000002445046370 ,1
2000002445049410 ,1
2000002445049410 ,1
2000002445049470 ,1
2000002445052070 ,1
2000002445052940 ,1
2000002445053370 ,1
2000002445054070 ,1
2000002445057170 ,1
2000002445057590 ,1
2000002445058410 ,1
2000002445059280 ,1
2000002445290890 ,1
2000002445319740 ,1
2000002447511320 ,1
2000002448229290 ,1
2000002448229640 ,1
2000002448270180 ,1
2000002448372160 ,1
2000002450295220 ,1
2000002450295850 ,1
2000002450297320 ,1
2000002450395660 ,1
2000002450399770 ,1
2000002451155350 ,1
2000002451703690 ,1
2000002451705840 ,1
2000002451709290 ,1
2000002451803170 ,1
2000002451805610 ,1
2000002451808320 ,1
2000002451809320 ,1
2000002452096330 ,1
2000002452099330 ,1
2000002452108670 ,1
2000002452111870 ,1
2000002452116990 ,1
2000002452119220 ,1
2000002452119630 ,1
2000002452121070 ,1
2000002452123870 ,1
2000002452202120 ,1
2000002452209870 ,1
2000002452210960 ,1
2000002452217200 ,1
2000002452218990 ,1
2000002452220480 ,1
2000002452221040 ,1
2000002452222210 ,1
2000002453700690 ,1
2000002453796450 ,1
2000002453802790 ,1
2000002455596970 ,1
2000002455601400 ,1
2000002455604920 ,1
2000002455605300 ,1
2000002455608350 ,1
2000002455637090 ,1
2000002455643220 ,1
2000002455645450 ,1
2000002455648310 ,1
2000002455652920 ,1
2000002455654320 ,1
2000002455658820 ,1
2000002455665820 ,1
2000002455669160 ,1
2000002455675720 ,1
2000002455690540 ,1
2000002455699850 ,1
2000002455703150 ,1
2000002455710220 ,1
2000002455714930 ,1
2000002455715770 ,1
2000002455722690 ,1
2000002455730800 ,1
2000002455733850 ,1
2000002455735040 ,1
2000002455735250 ,1
2000002455741240 ,1
2000002455742790 ,1
2000002455746430 ,1
2000002455752690 ,1
2000002455756610 ,1
2000002455756670 ,1
2000002455759880 ,1
2000002455760350 ,1
2000002455786330 ,1
2000002455787800 ,1
2000002455790820 ,1
2000002455793020 ,1
2000002456789110 ,1
2000002457232320 ,1
2000002458401140 ,1
2000002458403420 ,1
2000002458409620 ,1
2000002458434260 ,1
2000002458438150 ,1
2000002458451500 ,1
2000002458453880 ,1
2000002458457540 ,1
2000002458500730 ,1
2000002458501180 ,1
2000002458504130 ,1
2000002458509260 ,1
2000002458509740 ,1
2000002458515920 ,1
2000002458518450 ,1
2000002458527450 ,1
2000002458530010 ,1
2000002458530370 ,1
2000002458543050 ,1
2000002458553120 ,1
2000002458553490 ,1
2000002458556400 ,1
2000002458556790 ,1
2000002458560470 ,1
2000002458673720 ,1
2000002459331270 ,1
2000002461997810 ,1
2000002462697700 ,1
2000002462899310 ,1
2000002463997430 ,1
2000002464197890 ,1
2000002464204140 ,1
2000002464205530 ,1
2000002464211190 ,1
2000002464215230 ,1
2000002464221100 ,1
2000002464222580 ,1
2000002464223710 ,1
2000002464226480 ,1
2000002464227020 ,1
2000002464230220 ,1
2000002464230250 ,1
2000002464232070 ,1
2000002464232570 ,1
2000002464232850 ,1
2000002464233520 ,1
2000002464234010 ,1
2000002464234040 ,1
2000002464234640 ,1
2000002464240390 ,1
2000002464295730 ,1
2000002464298330 ,1
2000002464307710 ,1
2000002464307770 ,1
2000002464321240 ,1
2000002464336180 ,1
2000002464337270 ,1
2000002464337520 ,1
2000002464338640 ,1
2000002464341600 ,1
2000002464342760 ,1
2000002464809120 ,1
2000002465329580 ,1
2000002466040750 ,1
2000002466124300 ,1
2000002466696400 ,1
2000002466696630 ,1
2000002466696930 ,1
2000002466697150 ,1
2000002466698160 ,1
2000002466699630 ,1
2000002466701090 ,1
2000002466703550 ,1
2000002466708580 ,1
2000002466718410 ,1
2000002466718730 ,1
2000002466720790 ,1
2000002466724630 ,1
2000002466730880 ,1
2000002466735710 ,1
2000002466736970 ,1
2000002466740000 ,1
2000002466742990 ,1
2000002466746720 ,1
2000002466749770 ,1
2000002466761630 ,1
2000002466763580 ,1
2000002466765380 ,1
2000002466765420 ,1
2000002466769000 ,1
2000002466769820 ,1
2000002466781140 ,1
2000002466783130 ,1
2000002466785530 ,1
2000002466788420 ,1
2000002466789620 ,1
2000002466795250 ,1
2000002466796400 ,1
2000002466796480 ,1
2000002466798670 ,1
2000002466799040 ,1
2000002466800390 ,1
2000002466806000 ,1
2000002466808700 ,1
2000002466818630 ,1
2000002466819320 ,1
2000002466825580 ,1
2000002466834770 ,1
2000002466837850 ,1
2000002466838730 ,1
2000002466839700 ,1
2000002466846820 ,1
2000002466849440 ,1
2000002466850770 ,1
2000002466865180 ,1
2000002466868700 ,1
2000002466869060 ,1
2000002466874380 ,1
2000002466877870 ,1
2000002466883930 ,1
2000002466884160 ,1
2000002466888590 ,1
2000002466888890 ,1
2000002466888920 ,1
2000002466889550 ,1
2000002466891240 ,1
2000002467697950 ,1
2000002467702210 ,1
2000002467706040 ,1
2000002467719250 ,1
2000002467804280 ,1
2000002467816050 ,1
2000002467925070 ,1
2000002468679670 ,1
2000002468785140 ,1
2000002468922090 ,1
2000002468927060 ,1
2000002469035540 ,1
2000002469902150 ,1
2000002470563240 ,1
2000002470731750 ,1
2000002470776180 ,1
2000002470854680 ,1
2000002472221210 ,1
2000002472304130 ,1
2000002472331580 ,1
2000002472339160 ,1
2000002472347440 ,1
2000002472364620 ,1
2000002472366560 ,1
2000002472366770 ,1
2000002472366800 ,1
2000002472371270 ,1
2000002472381720 ,1
2000002472387980 ,1
2000002472397600 ,1
2000002472399460 ,1
2000002472399660 ,1
2000002472408250 ,1
2000002472411770 ,1
2000002472416310 ,1
2000002472418110 ,1
2000002472418550 ,1
2000002472418610 ,1
2000002472427510 ,1
2000002472438880 ,1
2000002472441380 ,1
2000002472443210 ,1
2000002472445920 ,1
2000002472452080 ,1
2000002472458620 ,1
2000002472471510 ,1
2000002472472160 ,1
2000002472473370 ,1
2000002472476290 ,1
2000002472482380 ,1
2000002472482630 ,1
2000002472483920 ,1
2000002472489420 ,1
2000002473382400 ,1
2000002473522440 ,1
2000002474508310 ,1
2000002474602470 ,1
2000002474692590 ,1
2000002474911040 ,1
2000002475196100 ,1
2000002475206120 ,1
2000002475207740 ,1
2000002475215350 ,1
2000002475217190 ,1
2000002475222460 ,1
2000002475224800 ,1
2000002475224960 ,1
2000002475228680 ,1
2000002475235930 ,1
2000002475236290 ,1
2000002475236300 ,1
2000002475249190 ,1
2000002475264210 ,1
2000002475264220 ,1
2000002475268400 ,1
2000002475269050 ,1
2000002475270970 ,1
2000002475271920 ,1
2000002475272230 ,1
2000002475273270 ,1
2000002475277540 ,1
2000002475277580 ,1
2000002475280610 ,1
2000002475283980 ,1
2000002475284090 ,1
2000002475305420 ,1
2000002475317150 ,1
2000002475323630 ,1
2000002475328910 ,1
2000002475329830 ,1
2000002475340210 ,1
2000002475341760 ,1
2000002475342650 ,1
2000002475347660 ,1
2000002475353720 ,1
2000002475363660 ,1
2000002475364190 ,1
2000002475365850 ,1
2000002475366580 ,1
2000002475367360 ,1
2000002475388490 ,1
2000002476021530 ,1
2000002476086080 ,1
2000002476161970 ,1
2000002478565300 ,1
2000002479198860 ,1
2000002479206800 ,1
2000002479209830 ,1
2000002479210040 ,1
2000002479212820 ,1
2000002479213610 ,1
2000002479213780 ,1
2000002479214680 ,1
2000002479215250 ,1
2000002479215570 ,1
2000002479217930 ,1
2000002479221550 ,1
2000002479222120 ,1
2000002479604020 ,1
2000002479610870 ,1
2000002479612570 ,1
2000002479614610 ,1
2000002479614740 ,1
2000002479617150 ,1
2000002479618170 ,1
2000002479618180 ,1
2000002479619430 ,1
2000002479620800 ,1
2000002480113150 ,1
2000002480233320 ,1
2000002480796370 ,1
2000002480797340 ,1
2000002480797710 ,1
2000002480800760 ,1
2000002480809600 ,1
2000002480813580 ,1
2000002480818960 ,1
2000002480821730 ,1
2000002480823210 ,1
2000002480824120 ,1
2000002480825750 ,1
2000002480827600 ,1
2000002480827620 ,1
2000002480827720 ,1
2000002480828110 ,1
2000002480829380 ,1
2000002480830620 ,1
2000002480833050 ,1
2000002480836850 ,1
2000002480836870 ,1
2000002480840830 ,1
2000002480841220 ,1
2000002480841520 ,1
2000002480841520 ,1
2000002480844760 ,1
2000002480848680 ,1
2000002480850840 ,1
2000002480856950 ,1
2000002480863930 ,1
2000002480867250 ,1
2000002480868040 ,1
2000002481006750 ,1
2000002481014780 ,1
2000002481015000 ,1
2000002481019830 ,1
2000002481021080 ,1
2000002481022610 ,1
2000002481024660 ,1
2000002481026200 ,1
2000002481028050 ,1
2000002481028640 ,1
2000002481033120 ,1
2000002481035310 ,1
2000002481035770 ,1
2000002481036160 ,1
2000002481037130 ,1
2000002481037350 ,1
2000002481038040 ,1
2000002481038560 ,1
2000002481039610 ,1
2000002481057710 ,1
2000002481060890 ,1
2000002481063600 ,1
2000002481065550 ,1
2000002481398630 ,1
2000002481668950 ,1
2000002483464400 ,1
2000002483898820 ,1
2000002484097130 ,1
2000002484523100 ,1
2000002484577750 ,1
2000002484628650 ,1
2000002484882180 ,1
2000002485282690 ,1
2000002485362980 ,1
2000002486099220 ,1
2000002486106360 ,1
2000002486998570 ,1
2000002486999120 ,1
2000002486999300 ,1
2000002486999500 ,1
2000002486999710 ,1
2000002486999720 ,1
2000002487000470 ,1
2000002487002300 ,1
2000002487005310 ,1
2000002487009950 ,1
2000002487015290 ,1
2000002487016150 ,1
2000002487021460 ,1
2000002487029760 ,1
2000002487029790 ,1
2000002487031450 ,1
2000002487033620 ,1
2000002487033960 ,1
2000002487033970 ,1
2000002487040230 ,1
2000002487041190 ,1
2000002487098750 ,1
2000002487099150 ,1
2000002487099340 ,1
2000002487099490 ,1
2000002487100050 ,1
2000002487100970 ,1
2000002487101010 ,1
2000002487103320 ,1
2000002487103330 ,1
2000002487103380 ,1
2000002487106850 ,1
2000002487114150 ,1
2000002487114880 ,1
2000002487116140 ,1
2000002487116140 ,1
2000002487117440 ,1
2000002487119490 ,1
2000002487123690 ,1
2000002487128660 ,1
2000002487129980 ,1
2000002487130000 ,1
2000002487135020 ,1
2000002487135250 ,1
2000002487135500 ,1
2000002488169970 ,1
2000002488781450 ,1
2000002488790440 ,1
2000002488872930 ,1
2000002489395060 ,1
2000002489496550 ,1
2000002489499430 ,1
2000002489501110 ,1
2000002489504020 ,1
2000002489504230 ,1
2000002489505930 ,1
2000002489509010 ,1
2000002489511920 ,1
2000002489533460 ,1
2000002489535670 ,1
2000002489537750 ,1
2000002489543350 ,1
2000002489543630 ,1
2000002489547070 ,1
2000002489551150 ,1
2000002489552050 ,1
2000002489553100 ,1
2000002489553180 ,1
2000002489554660 ,1
2000002489554700 ,1
2000002489555930 ,1
2000002489565490 ,1
2000002489569900 ,1
2000002489580760 ,1
2000002489586990 ,1
2000002489592810 ,1
2000002489593660 ,1
2000002489595320 ,1
2000002489601910 ,1
2000002489603860 ,1
2000002489604300 ,1
2000002489605300 ,1
2000002489605440 ,1
2000002489606270 ,1
2000002489606630 ,1
2000002489607030 ,1
2000002489609850 ,1
2000002489610580 ,1
2000002489610750 ,1
2000002489615260 ,1
2000002489620580 ,1
2000002489621260 ,1
2000002489625580 ,1
2000002489627390 ,1
2000002489631380 ,1
2000002489633610 ,1
2000002489635740 ,1
2000002489643250 ,1
2000002489655470 ,1
2000002489656510 ,1
2000002489661640 ,1
2000002489684520 ,1
2000002489685290 ,1
2000002489685720 ,1
2000002490558490 ,1
2000002490694240 ,1
2000002490734420 ,1
2000002490754830 ,1
2000002491432440 ,1
2000002491457220 ,1
2000002491465480 ,1
2000002491545820 ,1
2000002491598180 ,1
2000002491600260 ,1
2000002491602630 ,1
2000002491607530 ,1
2000002491609640 ,1
2000002491630640 ,1
2000002491631870 ,1
2000002491633620 ,1
2000002491634670 ,1
2000002491635560 ,1
2000002491636190 ,1
2000002491637820 ,1
2000002491640890 ,1
2000002491641880 ,1
2000002491642390 ,1
2000002491643650 ,1
2000002491645330 ,1
2000002491645330 ,1
2000002491647820 ,1
2000002491649330 ,1
2000002491650860 ,1
2000002491650870 ,1
2000002491652690 ,1
2000002491654580 ,1
2000002491655850 ,1
2000002491659230 ,1
2000002491659840 ,1
2000002491668420 ,1
2000002491670070 ,1
2000002491671880 ,1
2000002491676200 ,1
2000002491680080 ,1
2000002491680520 ,1
2000002491680540 ,1
2000002491680780 ,1
2000002491682370 ,1
2000002491702530 ,1
2000002491714650 ,1
2000002491723020 ,1
2000002491728490 ,1
2000002491728660 ,1
2000002491729610 ,1
2000002491731500 ,1
2000002491734850 ,1
2000002491738280 ,1
2000002491738310 ,1
2000002491739970 ,1
2000002491740120 ,1
2000002491740520 ,1
2000002491741360 ,1
2000002491746990 ,1
2000002491748760 ,1
2000002491751030 ,1
2000002491751410 ,1
2000002491752310 ,1
2000002491752330 ,1
2000002491752540 ,1
2000002491753070 ,1
2000002491767030 ,1
2000002491768230 ,1
2000002491769630 ,1
2000002491771800 ,1
2000002491777300 ,1
2000002491780130 ,1
2000002491780520 ,1
2000002491780710 ,1
2000002492148500 ,1
2000002492150620 ,1
2000002492396710 ,1
2000002493499400 ,1
2000002493513250 ,1
2000002493598230 ,1
2000002493601280 ,1
2000002493605900 ,1
2000002493626460 ,1
2000002493631200 ,1
2000002493632490 ,1
2000002494506350 ,1
2000002494601300 ,1
2000002494815080 ,1
2000002494879210 ,1
2000002495321830 ,1
2000002495795420 ,1
2000002495795920 ,1
2000002495796730 ,1
2000002495800000 ,1
2000002495800060 ,1
2000002495800220 ,1
2000002495802740 ,1
2000002495803260 ,1
2000002495895700 ,1
2000002495898030 ,1
2000002495900010 ,1
2000002495900780 ,1
2000002495902410 ,1
2000002495904570 ,1
2000002495904660 ,1
2000002496203780 ,1
2000002496209090 ,1
2000002496216210 ,1
2000002496217840 ,1
2000002496218330 ,1
2000002496220460 ,1
2000002496221830 ,1
2000002496226900 ,1
2000002496227000 ,1
2000002496228190 ,1
2000002496229050 ,1
2000002496230860 ,1
2000002496231780 ,1
2000002496233060 ,1
2000002496234000 ,1
2000002496236390 ,1
2000002496238130 ,1
2000002496239370 ,1
2000002496240220 ,1
2000002496242370 ,1
2000002496295300 ,1
2000002496305570 ,1
2000002496308340 ,1
2000002496315290 ,1
2000002496316480 ,1
2000002496318900 ,1
2000002496321050 ,1
2000002496321200 ,1
2000002496322700 ,1
2000002496322740 ,1
2000002496323130 ,1
2000002496323460 ,1
2000002496326130 ,1
2000002496326410 ,1
2000002496328960 ,1
2000002496330060 ,1
2000002496330310 ,1
2000002496330820 ,1
2000002496330980 ,1
2000002496331380 ,1
2000002496331690 ,1
2000002496331740 ,1
2000002496333980 ,1
2000002496336450 ,1
2000002497650250 ,1
2000002497652920 ,1
2000002498062090 ,1
2000002498661720 ,1
2000002499098770 ,1
2000002499102130 ,1
2000002499102690 ,1
2000002499117030 ,1
2000002499121150 ,1
2000002499121350 ,1
2000002499123140 ,1
2000002499123700 ,1
2000002499197460 ,1
2000002499201380 ,1
2000002499211450 ,1
2000002499213380 ,1
2000002499219630 ,1
2000002499219650 ,1
2000002499221430 ,1
2000002499222060 ,1
2000002499225160 ,1
2000002500444880 ,1
2000002500799190 ,1
2000002501048430 ,1
2000002501072730 ,1
2000002501099030 ,1
2000002502096350 ,1
2000002502096640 ,1
2000002502097130 ,1
2000002502098160 ,1
2000002502098510 ,1
2000002502110310 ,1
2000002502120010 ,1
2000002502121310 ,1
2000002502121500 ,1
2000002502127730 ,1
2000002502129480 ,1
2000002502129640 ,1
2000002502135420 ,1
2000002502138790 ,1
2000002502138880 ,1
2000002502138920 ,1
2000002502150700 ,1
2000002502195070 ,1
2000002502199630 ,1
2000002502203570 ,1
2000002502205030 ,1
2000002502206130 ,1
2000002502206700 ,1
2000002502208650 ,1
2000002502210870 ,1
2000002502211940 ,1
2000002502213570 ,1
2000002502218940 ,1
2000002502222820 ,1
2000002502222980 ,1
2000002502223780 ,1
2000002502224510 ,1
2000002502225360 ,1
2000002502230070 ,1
2000002502232510 ,1
2000002502235730 ,1
2000002502237240 ,1
2000002502238360 ,1
2000002502240750 ,1
2000002502256640 ,1
2000002502281760 ,1
2000002503285770 ,1
2000002504020870 ,1
2000002504120660 ,1
2000002504545810 ,1
2000002504552940 ,1
2000002504553140 ,1
2000002504553380 ,1
2000002504554190 ,1
2000002504555230 ,1
2000002504555700 ,1
2000002504556400 ,1
2000002504568120 ,1
2000002504569140 ,1
2000002504570640 ,1
2000002504571510 ,1
2000002504573370 ,1
2000002504576270 ,1
2000002504577090 ,1
2000002504579500 ,1
2000002504579570 ,1
2000002504599370 ,1
2000002504606630 ,1
2000002504612940 ,1
2000002504625840 ,1
2000002504630460 ,1
2000002504631830 ,1
2000002504639410 ,1
2000002504647200 ,1
2000002504647210 ,1
2000002504649010 ,1
2000002504652080 ,1
2000002504655010 ,1
2000002504656370 ,1
2000002504661220 ,1
2000002504664180 ,1
2000002504665700 ,1
2000002504668280 ,1
2000002504669660 ,1
2000002504672760 ,1
2000002504685800 ,1
2000002504689200 ,1
2000002504689530 ,1
2000002505216360 ,1
2000002505235830 ,1
2000002505259260 ,1
2000002505275770 ,1
2000002505941510 ,1
2000002506200900 ,1
2000002506212770 ,1
2000002506215050 ,1
2000002506221240 ,1
2000002506230510 ,1
2000002506233630 ,1
2000002506240340 ,1
2000002506241240 ,1
2000002506258370 ,1
2000002506258420 ,1
2000002506258870 ,1
2000002506261810 ,1
2000002506267310 ,1
2000002506273780 ,1
2000002506282960 ,1
2000002506287050 ,1
2000002506288500 ,1
2000002506294670 ,1
2000002506301020 ,1
2000002506301450 ,1
2000002506304880 ,1
2000002506306770 ,1
2000002506313590 ,1
2000002506318770 ,1
2000002506320320 ,1
2000002506321670 ,1
2000002506325340 ,1
2000002506330500 ,1
2000002506352440 ,1
2000002506358620 ,1
2000002506360750 ,1
2000002506361200 ,1
2000002506361890 ,1
2000002506365810 ,1
2000002506366310 ,1
2000002506366360 ,1
2000002506367470 ,1
2000002506368270 ,1
2000002506368460 ,1
2000002506368710 ,1
2000002506369290 ,1
2000002506369600 ,1
2000002506369620 ,1
2000002506369820 ,1
2000002506372350 ,1
2000002506383400 ,1
2000002506387600 ,1
2000002506395160 ,1
2000002506617460 ,1
2000002506684510 ,1
2000002506801140 ,1
2000002508401450 ,1
2000002510797100 ,1
2000002510805540 ,1
2000002510898390 ,1
2000002510904160 ,1
2000002510905960 ,1
2000002510906190 ,1
2000002510910470 ,1
2000002510913940 ,1
2000002511040150 ,1
2000002512195480 ,1
2000002512197130 ,1
2000002512200690 ,1
2000002512201600 ,1
2000002512201830 ,1
2000002512204730 ,1
2000002512214910 ,1
2000002512217390 ,1
2000002512220600 ,1
2000002512230490 ,1
2000002512231390 ,1
2000002512232540 ,1
2000002512233160 ,1
2000002512236610 ,1
2000002512299040 ,1
2000002512300030 ,1
2000002512302370 ,1
2000002512303080 ,1
2000002512315220 ,1
2000002512316840 ,1
2000002512318870 ,1
2000002512324310 ,1
2000002512325140 ,1
2000002512327390 ,1
2000002512333620 ,1
2000002512335330 ,1
2000002512335880 ,1
2000002512336200 ,1
2000002512336310 ,1
2000002512337190 ,1
2000002512497180 ,1
2000002513024070 ,1
2000002513100310 ,1
2000002513103890 ,1
2000002513109140 ,1
2000002514554320 ,1
2000002514560970 ,1
2000002516397580 ,1
2000002516398000 ,1
2000002516398970 ,1
2000002516403850 ,1
2000002516412560 ,1
2000002516419200 ,1
2000002516420240 ,1
2000002516421820 ,1
2000002516425970 ,1
2000002516431180 ,1
2000002516431250 ,1
2000002516431460 ,1
2000002516432090 ,1
2000002516432100 ,1
2000002516432100 ,1
2000002516433330 ,1
2000002516443190 ,1
2000002516443970 ,1
2000002516497150 ,1
2000002516497820 ,1
2000002516498030 ,1
2000002516500480 ,1
2000002516503790 ,1
2000002516510220 ,1
2000002516515620 ,1
2000002516525600 ,1
2000002516528640 ,1
2000002516529500 ,1
2000002516531700 ,1
2000002516532510 ,1
2000002516533750 ,1
2000002516534890 ,1
2000002516537860 ,1
2000002516541430 ,1
2000002516542590 ,1
2000002516542920 ,1
2000002517637230 ,1
2000002517840970 ,1
2000002517979410 ,1
2000002519001010 ,1
2000002519001960 ,1
2000002519007330 ,1
2000002519007520 ,1
2000002519015960 ,1
2000002519016490 ,1
2000002519016610 ,1
2000002519017990 ,1
2000002519021670 ,1
2000002519197120 ,1
2000002519199410 ,1
2000002519200640 ,1
2000002519201620 ,1
2000002519204610 ,1
2000002519218170 ,1
2000002519222170 ,1
2000002519222890 ,1
2000002519224100 ,1
2000002519225010 ,1
2000002519227130 ,1
2000002519232470 ,1
2000002519507800 ,1
2000002520288530 ,1
2000002520322150 ,1
2000002520459930 ,1
2000002520995490 ,1
2000002521007100 ,1
2000002521009080 ,1
2000002521012560 ,1
2000002521013700 ,1
2000002521022650 ,1
2000002521029740 ,1
2000002521038900 ,1
2000002521046860 ,1
2000002521062230 ,1
2000002521062730 ,1
2000002521074040 ,1
2000002521074130 ,1
2000002521075170 ,1
2000002521077080 ,1
2000002521079090 ,1
2000002521081520 ,1
2000002521083920 ,1
2000002521084730 ,1
2000002521084890 ,1
2000002521085250 ,1
2000002521085400 ,1
2000002521087200 ,1
2000002521088610 ,1
2000002521093410 ,1
2000002521106080 ,1
2000002521108410 ,1
2000002521109520 ,1
2000002521125360 ,1
2000002521130570 ,1
2000002521137800 ,1
2000002521144120 ,1
2000002521148300 ,1
2000002521155200 ,1
2000002521162990 ,1
2000002521165300 ,1
2000002521171710 ,1
2000002521179210 ,1
2000002521183760 ,1
2000002521184890 ,1
2000002521185680 ,1
2000002521185890 ,1
2000002522268680 ,1
2000002522362280 ,1
2000002523091180 ,1
2000002523535270 ,1
2000002523564780 ,1
2000002523698740 ,1
2000002523801190 ,1
2000002523808320 ,1
2000002523814520 ,1
2000002523815510 ,1
2000002523827110 ,1
2000002523828340 ,1
2000002523830330 ,1
2000002523833040 ,1
2000002523833920 ,1
2000002523841700 ,1
2000002523843040 ,1
2000002523851090 ,1
2000002523856350 ,1
2000002523859540 ,1
2000002523861970 ,1
2000002523871730 ,1
2000002523874980 ,1
2000002523885240 ,1
2000002523897270 ,1
2000002523906690 ,1
2000002523907630 ,1
2000002523913150 ,1
2000002523915060 ,1
2000002523916930 ,1
2000002523925210 ,1
2000002523938290 ,1
2000002523940740 ,1
2000002523941230 ,1
2000002523946900 ,1
2000002523948740 ,1
2000002523970780 ,1
2000002523972300 ,1
2000002523972880 ,1
2000002523973890 ,1
2000002523974020 ,1
2000002523980510 ,1
2000002523983650 ,1
2000002524341250 ,1
2000002524537320 ,1
2000002528158660 ,1
2000002529508020 ,1
2000002529899220 ,1
2000002530302180 ,1
2000002530305520 ,1
2000002530307730 ,1
2000002530318100 ,1
2000002530322990 ,1
2000002530395210 ,1
2000002530410060 ,1
2000002530422300 ,1
2000002531632300 ,1
2000002531661270 ,1
2000002531736710 ,1
2000002534896040 ,1
2000002534905070 ,1
2000002535095680 ,1
2000002535097690 ,1
2000002535105220 ,1
2000002535106630 ,1
2000002537905230 ,1
2000002538014950 ,1
2000002538302860 ,1
2000002538305300 ,1
2000002538308380 ,1
2000002538313410 ,1
2000002538315140 ,1
2000002538316340 ,1
2000002538326420 ,1
2000002538327360 ,1
2000002538327640 ,1
2000002538400860 ,1
2000002538401350 ,1
2000002538402510 ,1
2000002538408700 ,1
2000002538409590 ,1
2000002538413170 ,1
2000002538417890 ,1
2000002539419050 ,1
2000002539648540 ,1
2000002544395980 ,1
2000002544401670 ,1
2000002544403020 ,1
2000002544407120 ,1
2000002544410150 ,1
2000002544410310 ,1
2000002544411260 ,1
2000002544418860 ,1
2000002544427300 ,1
2000002544429720 ,1
2000002544443070 ,1
2000002544446350 ,1
2000002544496330 ,1
2000002544502680 ,1
2000002544504550 ,1
2000002544506440 ,1
2000002544509110 ,1
2000002544512660 ,1
2000002544523060 ,1
2000002544523680 ,1
2000002544539400 ,1
2000002544540300 ,1
2000002544544400 ,1
2000002544545640 ,1
2000002547356990 ,1
2000002547371830 ,1
2000002547647680 ,1
2000002548003720 ,1
2000002550295210 ,1
2000002550297570 ,1
2000002550303660 ,1
2000002550306700 ,1
2000002550311540 ,1
2000002550314290 ,1
2000002550317850 ,1
2000002550321070 ,1
2000002550322890 ,1
2000002550322980 ,1
2000002550325580 ,1
2000002550326740 ,1
2000002550333790 ,1
2000002550343750 ,1
2000002550344310 ,1
2000002550358820 ,1
2000002550361860 ,1
2000002550369440 ,1
2000002550376500 ,1
2000002550389180 ,1
2000002550391450 ,1
2000002550391660 ,1
2000002550395290 ,1
2000002550398160 ,1
2000002550400750 ,1
2000002550410680 ,1
2000002550420570 ,1
2000002550421330 ,1
2000002550422620 ,1
2000002550432970 ,1
2000002550433060 ,1
2000002550434270 ,1
2000002550441440 ,1
2000002550444000 ,1
2000002550456770 ,1
2000002550460580 ,1
2000002550462690 ,1
2000002550462820 ,1
2000002550486670 ,1
2000002550488270 ,1
2000002550490810 ,1
2000002550491900 ,1
2000002550494610 ,1
2000002551091170 ,1
2000002551752500 ,1
2000002551765870 ,1
2000002551959650 ,1
2000002551964580 ,1
2000002552524080 ,1
2000002552831050 ,1
2000002553196680 ,1
2000002553196740 ,1
2000002553196980 ,1
2000002553197440 ,1
2000002553197590 ,1
2000002553197930 ,1
2000002553201810 ,1
2000002553202770 ,1
2000002553203150 ,1
2000002553203320 ,1
2000002553204380 ,1
2000002553209810 ,1
2000002553213430 ,1
2000002553296370 ,1
2000002553298340 ,1
2000002553298620 ,1
2000002553298760 ,1
2000002553299170 ,1
2000002553299290 ,1
2000002553307380 ,1
2000002555297210 ,1
2000002555307380 ,1
2000002555325050 ,1
2000002555326680 ,1
2000002555327950 ,1
2000002555329020 ,1
2000002555329670 ,1
2000002555331900 ,1
2000002555332560 ,1
2000002555332570 ,1
2000002555334980 ,1
2000002555343590 ,1
2000002555358670 ,1
2000002555363280 ,1
2000002555363640 ,1
2000002555369080 ,1
2000002555370240 ,1
2000002555370370 ,1
2000002555370470 ,1
2000002555370780 ,1
2000002555371300 ,1
2000002555372690 ,1
2000002555372820 ,1
2000002555373760 ,1
2000002555379770 ,1
2000002555496960 ,1
2000002555497090 ,1
2000002555497280 ,1
2000002555497600 ,1
2000002555506900 ,1
2000002555507670 ,1
2000002555511910 ,1
2000002555529050 ,1
2000002555531660 ,1
2000002555531770 ,1
2000002555534220 ,1
2000002555544450 ,1
2000002555561600 ,1
2000002555565870 ,1
2000002555568330 ,1
2000002555568870 ,1
2000002555569220 ,1
2000002555570380 ,1
2000002555571710 ,1
2000002555577350 ,1
2000002557848690 ,1
2000002558642420 ,1
2000002558694200 ,1
2000002559090940 ,1
2000002560998550 ,1
2000002561016610 ,1
2000002563523670 ,1
2000002563525720 ,1
2000002565803860 ,1
2000002565806400 ,1
2000002565998450 ,1
2000002566005140 ,1
2000002569109410 ,1
2000002569116260 ,1
2000002569123860 ,1
2000002569125010 ,1
2000002569208640 ,1
2000002569224660 ,1
2000002569225220 ,1
2000002572517410 ,1
2000002572837500 ,1
2000002574200020 ,1
2000002574205800 ,1
2000002574209120 ,1
2000002574212790 ,1
2000002574299400 ,1
2000002574303820 ,1
2000002574305720 ,1
2000002574306110 ,1
2000002576302890 ,1
2000002576397550 ,1
2000002576513730 ,1
2000002576533510 ,1
2000002576547170 ,1
2000002576561350 ,1
2000002576565090 ,1
2000002576569360 ,1
2000002576573580 ,1
2000002576573680 ,1
2000002576574000 ,1
2000002576580410 ,1
2000002576584700 ,1
2000002576589900 ,1
2000002576649490 ,1
2000002576662190 ,1
2000002576669350 ,1
2000002576673650 ,1
2000002576680720 ,1
2000002576746430 ,1
2000002576899670 ,1
2000002577003170 ,1
2000002577058150 ,1
2000002577678190 ,1
2000002584104700 ,1
2000002584124850 ,1
2000002584152280 ,1
2000002584168640 ,1
2000002584172920 ,1
2000002584719340 ,1
2000002585398910 ,1
2000002585405450 ,1
2000002585422110 ,1
2000002585426820 ,1
2000002585428650 ,1
2000002585437890 ,1
2000002585449000 ,1
2000002585452700 ,1
2000002585462390 ,1
2000002585481900 ,1
2000002585482460 ,1
2000002585700550 ,1
2000002585707110 ,1
2000002585725540 ,1
2000002585734390 ,1
2000002585734480 ,1
2000002585743020 ,1
2000002585743940 ,1
2000002585745480 ,1
2000002585752660 ,1
2000002585752970 ,1
2000002585761750 ,1
2000002585764040 ,1
2000002585767960 ,1
2000002585769970 ,1
2000002585771130 ,1
2000002585771970 ,1
2000002585788960 ,1
2000002585793160 ,1
2000002596011140 ,1
2000002596037110 ,1
2000002596398210 ,1
2000002596398690 ,1
2000002596410910 ,1
2000002596433470 ,1
2000002596434590 ,1
2000002596434770 ,1
2000002596453490 ,1
2000002596455730 ,1
2000002596456820 ,1
2000002596457720 ,1
2000002596458530 ,1
2000002596460050 ,1
2000002596460110 ,1
2000002596465720 ,1
2000002596471300 ,1
2000002596477360 ,1
2000002596477510 ,1
2000002596479910 ,1
2000002596479980 ,1
2000002596481300 ,1
2000002596484810 ,1
2000002596493400 ,1
2000002596493860 ,1
2000002596496700 ,1
2000002596497060 ,1
2000002596497320 ,1
2000002596501570 ,1
2000002596513750 ,1
2000002596529650 ,1
2000002596535840 ,1
2000002596535970 ,1
2000002596536240 ,1
2000002596536740 ,1
2000002596536760 ,1
2000002596537330 ,1
2000002596540800 ,1
2000002596545790 ,1
2000002596557620 ,1
2000002596557800 ,1
2000002596557970 ,1
2000002596558070 ,1
2000002596559860 ,1
2000002596560450 ,1
2000002596561130 ,1
2000002596564240 ,1
2000002596564380 ,1
2000002596567250 ,1
2000002596567490 ,1
2000002596569500 ,1
2000002596569790 ,1
2000002596571010 ,1
2000002596571400 ,1
2000002596572880 ,1
2000002596573630 ,1
2000002596574710 ,1
2000002596576870 ,1
2000002596578090 ,1
2000002596578410 ,1
2000002596578410 ,1
2000002596578430 ,1
2000002596578430 ,1
2000002596578510 ,1
2000002596578580 ,1
2000002596578660 ,1
2000002596578760 ,1
2000002596590410 ,1
2000002601998380 ,1
2000002603912530 ,1
2000002606644050 ,1
2000002606999370 ,1
2000002606999890 ,1
2000002607005370 ,1
2000002607006160 ,1
2000002607007950 ,1
2000002607030850 ,1
2000002607034140 ,1
2000002607035540 ,1
2000002607041320 ,1
2000002607058070 ,1
2000002607059510 ,1
2000002607060220 ,1
2000002607076350 ,1
2000002607082230 ,1
2000002607083670 ,1
2000002607088450 ,1
2000002607090810 ,1
2000002607460520 ,1
2000002607656000 ,1
2000002607705320 ,1
2000002607706290 ,1
2000002607713950 ,1
2000002607719210 ,1
2000002607719930 ,1
2000002607720090 ,1
2000002607724050 ,1
2000002607724200 ,1
2000002607724830 ,1
2000002607726390 ,1
2000002607731390 ,1
2000002607743030 ,1
2000002607744810 ,1
2000002607761390 ,1
2000002607770590 ,1
2000002607771210 ,1
2000002607778670 ,1
2000002607781970 ,1
2000002607788570 ,1
2000002610018140 ,1
2000002613040310 ,1
2000002619684650 ,1
2000002621095640 ,1
2000002621098840 ,1
2000002621434730 ,1
2000002621450210 ,1
2000002621454200 ,1
2000002621895270 ,1
2000002621900040 ,1
2000002621910840 ,1
2000002621911870 ,1
2000002621926310 ,1
2000002621999180 ,1
2000002622009140 ,1
2000002622010540 ,1
2000002622012570 ,1
2000002622013200 ,1
2000002622013590 ,1
2000002622013980 ,1
2000002622016480 ,1
2000002622019300 ,1
2000002624799310 ,1
2000002625092830 ,1
2000002625189510 ,1
2000002625266720 ,1
2000002625385630 ,1
2000002625697550 ,1
2000002625698090 ,1
2000002625710900 ,1
2000002625741110 ,1
2000002625741500 ,1
2000002625743860 ,1
2000002625746520 ,1
2000002625748250 ,1
2000002625753810 ,1
2000002625996530 ,1
2000002626004740 ,1
2000002626005020 ,1
2000002626010240 ,1
2000002626019070 ,1
2000002627072790 ,1
2000002632596270 ,1
2000002632716500 ,1
2000002632728980 ,1
2000002632895710 ,1
2000002632899280 ,1
2000002633052970 ,1
2000002633512250 ,1
2000002633514800 ,1
2000002633516020 ,1
2000002633516290 ,1
2000002633516420 ,1
2000002633517070 ,1
2000002633517610 ,1
2000002633517780 ,1
2000002633517810 ,1
2000002633517940 ,1
2000002633518810 ,1
2000002633519560 ,1
2000002633519950 ,1
2000002633521960 ,1
2000002633522760 ,1
2000002633523850 ,1
2000002633527460 ,1
2000002633527720 ,1
2000002633528420 ,1
2000002633528730 ,1
2000002633529720 ,1
2000002633531360 ,1
2000002633533090 ,1
2000002633534850 ,1
2000002633538310 ,1
2000002633540870 ,1
2000002633546130 ,1
2000002633547140 ,1
2000002633547310 ,1
2000002633548030 ,1
2000002633548750 ,1
2000002633551270 ,1
2000002633558240 ,1
2000002633559290 ,1
2000002633605290 ,1
2000002633608200 ,1
2000002633609630 ,1
2000002633609910 ,1
2000002633615590 ,1
2000002633616130 ,1
2000002633616360 ,1
2000002633616440 ,1
2000002633616550 ,1
2000002633616690 ,1
2000002633616970 ,1
2000002633617310 ,1
2000002633617350 ,1
2000002633617770 ,1
2000002633618420 ,1
2000002633618600 ,1
2000002633619500 ,1
2000002633619580 ,1
2000002633620670 ,1
2000002633621260 ,1
2000002633622350 ,1
2000002633623840 ,1
2000002633624680 ,1
2000002633624730 ,1
2000002633624940 ,1
2000002633626830 ,1
2000002633627580 ,1
2000002633628670 ,1
2000002633629250 ,1
2000002633630080 ,1
2000002633630660 ,1
2000002633631050 ,1
2000002633631130 ,1
2000002633631600 ,1
2000002633647900 ,1
2000002633648370 ,1
2000002633649350 ,1
2000002633650820 ,1
2000002633654870 ,1
2000002633656790 ,1
2000002633889530 ,1
2000002633988530 ,1
2000002638158670 ,1
2000002642295670 ,1
2000002642295930 ,1
2000002643016450 ,1
2000002645497170 ,1
2000002645502990 ,1
2000002645507250 ,1
2000002645510470 ,1
2000002645512510 ,1
2000002645513240 ,1
2000002645514520 ,1
2000002645516250 ,1
2000002645517140 ,1
2000002645522320 ,1
2000002645523550 ,1
2000002645528150 ,1
2000002645535190 ,1
2000002645543530 ,1
2000002645544780 ,1
2000002645544890 ,1
2000002645549450 ,1
2000002645554410 ,1
2000002645554580 ,1
2000002645555760 ,1
2000002645556260 ,1
2000002645557960 ,1
2000002645601010 ,1
2000002645619170 ,1
2000002645619400 ,1
2000002645626920 ,1
2000002645634470 ,1
2000002645645870 ,1
2000002645647120 ,1
2000002645649960 ,1
2000002645653970 ,1
2000002645662910 ,1
2000002645663620 ,1
2000002645664220 ,1
2000002645664250 ,1
2000002645970990 ,1
2000002646834100 ,1
2000002648005750 ,1
2000002648015950 ,1
2000002649205520 ,1
2000002649346490 ,1
2000002650288770 ,1
2000002650506170 ,1
2000002650557190 ,1
2000002650997210 ,1
2000002651895280 ,1
2000002651905720 ,1
2000002651911650 ,1
2000002651915980 ,1
2000002651916480 ,1
2000002651922040 ,1
2000002651922830 ,1
2000002651922920 ,1
2000002651928800 ,1
2000002651942910 ,1
2000002651945400 ,1
2000002651946360 ,1
2000002651951910 ,1
2000002651956290 ,1
2000002651965880 ,1
2000002651967990 ,1
2000002651975510 ,1
2000002651978690 ,1
2000002651981450 ,1
2000002651982480 ,1
2000002651984320 ,1
2000002651984930 ,1
2000002651985180 ,1
2000002651986340 ,1
2000002651995260 ,1
2000002652021400 ,1
2000002652023740 ,1
2000002652025920 ,1
2000002652033240 ,1
2000002652045480 ,1
2000002652045810 ,1
2000002652057160 ,1
2000002652070420 ,1
2000002652075510 ,1
2000002652078960 ,1
2000002652083870 ,1
2000002652395930 ,1
2000002656899650 ,1
2000002656933860 ,1
2000002657049140 ,1
2000002657367050 ,1
2000002657546070 ,1
2000002658207370 ,1
2000002658798720 ,1
2000002658804770 ,1
2000002658813250 ,1
2000002658814490 ,1
2000002658815250 ,1
2000002658817170 ,1
2000002658818320 ,1
2000002658819380 ,1
2000002658819820 ,1
2000002658820990 ,1
2000002658826570 ,1
2000002658840530 ,1
2000002658842820 ,1
2000002658844140 ,1
2000002658898250 ,1
2000002658909160 ,1
2000002658911870 ,1
2000002658914030 ,1
2000002658918610 ,1
2000002658918680 ,1
2000002658923490 ,1
2000002658933130 ,1
2000002658939250 ,1
2000002658943090 ,1
2000002658943310 ,1
2000002659434700 ,1
2000002659564120 ,1
2000002663676090 ,1
2000002663877460 ,1
2000002664231560 ,1
2000002664326720 ,1
2000002667695430 ,1
2000002667695470 ,1
2000002667695690 ,1
2000002667797120 ,1
2000002667797420 ,1
2000002668697300 ,1
2000002668995780 ,1
2000002668995980 ,1
2000002668997520 ,1
2000002668997530 ,1
2000002669097800 ,1
2000002669320160 ,1
2000002669629600 ,1
2000002670497260 ,1
2000002670498490 ,1
2000002670499000 ,1
2000002670515450 ,1
2000002670522580 ,1
2000002670522950 ,1
2000002670527320 ,1
2000002670528350 ,1
2000002670528380 ,1
2000002670528610 ,1
2000002670528920 ,1
2000002670550890 ,1
2000002670552430 ,1
2000002670557140 ,1
2000002670557310 ,1
2000002670557320 ,1
2000002670557620 ,1
2000002670558590 ,1
2000002670559080 ,1
2000002670560790 ,1
2000002670562110 ,1
2000002670596450 ,1
2000002670600710 ,1
2000002670613390 ,1
2000002670616050 ,1
2000002670616720 ,1
2000002670618710 ,1
2000002670618870 ,1
2000002670619540 ,1
2000002670622050 ,1
2000002670624340 ,1
2000002670624350 ,1
2000002670624980 ,1
2000002670628030 ,1
2000002670629140 ,1
2000002670650610 ,1
2000002670653720 ,1
2000002670654490 ,1
2000002670654840 ,1
2000002670655760 ,1
2000002670659920 ,1
2000002670660110 ,1
2000002670660430 ,1
2000002670660470 ,1
2000002670660540 ,1
2000002670661650 ,1
2000002670662570 ,1
2000002671429680 ,1
2000002674000070 ,1
2000002674297750 ,1
2000002675633060 ,1
2000002680707380 ,1
2000002680795320 ,1
2000002681096680 ,1
2000002681105250 ,1
2000002681123180 ,1
2000002681702760 ,1
2000002681703790 ,1
2000002681708540 ,1
2000002681711810 ,1
2000002681720810 ,1
2000002681728440 ,1
2000002681729590 ,1
2000002681731460 ,1
2000002681737510 ,1
2000002681739170 ,1
2000002681742460 ,1
2000002681742480 ,1
2000002681753290 ,1
2000002681765760 ,1
2000002681766820 ,1
2000002681772240 ,1
2000002681797370 ,1
2000002681798780 ,1
2000002681802450 ,1
2000002681806540 ,1
2000002681809660 ,1
2000002681814120 ,1
2000002681819210 ,1
2000002681819370 ,1
2000002681822260 ,1
2000002681825800 ,1
2000002681842080 ,1
2000002681842790 ,1
2000002681851520 ,1
2000002681857150 ,1
2000002681860320 ,1
2000002681861010 ,1
2000002681867010 ,1
2000002681869390 ,1
2000002681870320 ,1
2000002681877430 ,1
2000002681884670 ,1
2000002681888800 ,1
2000002681889520 ,1
2000002681890490 ,1
2000002681890790 ,1
2000002685195220 ,1
2000002685304910 ,1
2000002685336530 ,1
2000002688817800 ,1
2000002688922110 ,1
2000002689078170 ,1
2000002689181420 ,1
2000002690009950 ,1
2000002690096950 ,1
2000002690100430 ,1
2000002690102010 ,1
2000002690110260 ,1
2000002690118490 ,1
2000002690120510 ,1
2000002690122850 ,1
2000002690123130 ,1
2000002690124490 ,1
2000002690125950 ,1
2000002690126620 ,1
2000002690128240 ,1
2000002690129980 ,1
2000002690131270 ,1
2000002690131480 ,1
2000002690132380 ,1
2000002690133610 ,1
2000002690134590 ,1
2000002690145600 ,1
2000002690146810 ,1
2000002690151300 ,1
2000002690155790 ,1
2000002690156170 ,1
2000002690156220 ,1
2000002690156880 ,1
2000002690156930 ,1
2000002690158580 ,1
2000002690160440 ,1
2000002690160450 ,1
2000002690160710 ,1
2000002690161150 ,1
2000002690161640 ,1
2000002690161980 ,1
2000002690163270 ,1
2000002690167250 ,1
2000002690174080 ,1
2000002690175400 ,1
2000002690180440 ,1
2000002690181230 ,1
2000002690183060 ,1
2000002690185450 ,1
2000002690192490 ,1
2000002690194220 ,1
2000002690417690 ,1
2000002690417970 ,1
2000002690418360 ,1
2000002690418900 ,1
2000002690426630 ,1
2000002690426830 ,1
2000002690427190 ,1
2000002690428200 ,1
2000002690428270 ,1
2000002690430310 ,1
2000002690438470 ,1
2000002690443530 ,1
2000002690445540 ,1
2000002690452320 ,1
2000002690453420 ,1
2000002690455080 ,1
2000002690455660 ,1
2000002690456860 ,1
2000002690460050 ,1
2000002690463630 ,1
2000002690472770 ,1
2000002690475370 ,1
2000002690487830 ,1
2000002690491480 ,1
2000002693924280 ,1
2000002694053530 ,1
2000002696398370 ,1
2000002701505520 ,1
2000002702078930 ,1
2000002702447630 ,1
2000002704997250 ,1
2000002711196590 ,1
2000002711198440 ,1
2000002711200690 ,1
2000002711201930 ,1
2000002711208510 ,1
2000002711218770 ,1
2000002711220350 ,1
2000002711227300 ,1
2000002711231050 ,1
2000002711295880 ,1
2000002711297970 ,1
2000002711313020 ,1
2000002711321660 ,1
2000002711322920 ,1
2000002711323450 ,1
2000002713771990 ,1
2000002713773620 ,1
2000002713871520 ,1
2000002717703320 ,1
2000002717709250 ,1
2000002718008390 ,1
2000002718016560 ,1
2000002718029100 ,1
2000002718029880 ,1
2000002718030380 ,1
2000002718033210 ,1
2000002718039000 ,1
2000002718039120 ,1
2000002718039940 ,1
2000002718051190 ,1
2000002718057110 ,1
2000002718059210 ,1
2000002718065460 ,1
2000002718099920 ,1
2000002718114060 ,1
2000002718130500 ,1
2000002718130960 ,1
2000002718131420 ,1
2000002718132720 ,1
2000002718156740 ,1
2000002718161310 ,1
2000002718162850 ,1
2000002718178280 ,1
2000002718184670 ,1
2000002718187330 ,1
2000002718187680 ,1
2000002718187800 ,1
2000002718188960 ,1
2000002718190470 ,1
2000002718191360 ,1
2000002718192170 ,1
2000002718193990 ,1
2000002718194790 ,1
2000002718303250 ,1
2000002721468650 ,1
2000002721475150 ,1
2000002728134070 ,1
2000002728139670 ,1
2000002731796020 ,1
2000002731796250 ,1
2000002731814520 ,1
2000002731821950 ,1
2000002731822800 ,1
2000002731828200 ,1
2000002731828670 ,1
2000002731829540 ,1
2000002731830520 ,1
2000002732597540 ,1
2000002732597900 ,1
2000002732620830 ,1
2000002732621650 ,1
2000002732626550 ,1
2000002732627080 ,1
2000002732628630 ,1
2000002732629300 ,1
2000002733556090 ,1
2000002733632760 ,1
2000002738495830 ,1
2000002738496660 ,1
2000002738506120 ,1
2000002738512200 ,1
2000002738599640 ,1
2000002738602360 ,1
2000002738605960 ,1
2000002738606150 ,1
2000002738606410 ,1
2000002738612760 ,1
2000002738613000 ,1
2000002738615390 ,1
2000002738618400 ,1
2000002738619970 ,1
2000002738621150 ,1
2000002738621350 ,1
2000002738621900 ,1
2000002738622660 ,1
2000002738623830 ,1
2000002738627510 ,1
2000002738629770 ,1
2000002738630680 ,1
2000002738651770 ,1
2000002738652860 ,1
2000002738658240 ,1
2000002738662350 ,1
2000002738662550 ,1
2000002738666720 ,1
2000002739896840 ,1
2000002739897820 ,1
2000002739902700 ,1
2000002739903470 ,1
2000002739904030 ,1
2000002739906980 ,1
2000002739915850 ,1
2000002739919670 ,1
2000002739927340 ,1
2000002739928860 ,1
2000002739936570 ,1
2000002739942320 ,1
2000002739942850 ,1
2000002740106170 ,1
2000002740195730 ,1
2000002740202190 ,1
2000002744603550 ,1
2000002744628350 ,1
2000002749197640 ,1
2000002749201510 ,1
2000002749202510 ,1
2000002749206510 ,1
2000002749211640 ,1
2000002749213490 ,1
2000002749225200 ,1
2000002749226010 ,1
2000002749230610 ,1
2000002749231460 ,1
2000002749295220 ,1
2000002749296870 ,1
2000002749299060 ,1
2000002749301040 ,1
2000002749306250 ,1
2000002749316760 ,1
2000002749319870 ,1
2000002749321520 ,1
2000002749322400 ,1
2000002749324660 ,1
2000002752800870 ,1
2000002752802320 ,1
2000002752802780 ,1
2000002752832000 ,1
2000002752833340 ,1
2000002752838770 ,1
2000002752846140 ,1
2000002752846650 ,1
2000002752847270 ,1
2000002752866780 ,1
2000002752893390 ,1
2000002753003930 ,1
2000002753202330 ,1
2000002753202500 ,1
2000002753205720 ,1
2000002753206800 ,1
2000002753211390 ,1
2000002753213730 ,1
2000002753214270 ,1
2000002753214480 ,1
2000002753221010 ,1
2000002753223180 ,1
2000002753223240 ,1
2000002753240070 ,1
2000002753240540 ,1
2000002753265270 ,1
2000002753268080 ,1
2000002753279520 ,1
2000002753281020 ,1
2000002753289090 ,1
2000002753291910 ,1
2000002753293860 ,1
2000002755927090 ,1
2000002756001720 ,1
2000002756188800 ,1
2000002756224310 ,1
2000002760743210 ,1
2000002763400270 ,1
2000002763406340 ,1
2000002763407700 ,1
2000002763408580 ,1
2000002763410140 ,1
2000002763442570 ,1
2000002763444240 ,1
2000002763445290 ,1
2000002763445890 ,1
2000002763447550 ,1
2000002763447700 ,1
2000002763447900 ,1
2000002763458730 ,1
2000002763459020 ,1
2000002763461030 ,1
2000002763462790 ,1
2000002763464000 ,1
2000002763467230 ,1
2000002763467420 ,1
2000002763467840 ,1
2000002763470210 ,1
2000002763474420 ,1
2000002763478200 ,1
2000002763478420 ,1
2000002763480080 ,1
2000002763480430 ,1
2000002763481450 ,1
2000002763481710 ,1
2000002763484740 ,1
2000002763488270 ,1
2000002763506150 ,1
2000002763506210 ,1
2000002763524560 ,1
2000002763527940 ,1
2000002763531470 ,1
2000002763542060 ,1
2000002763544430 ,1
2000002763550170 ,1
2000002763559920 ,1
2000002763562610 ,1
2000002763563050 ,1
2000002763564490 ,1
2000002763569270 ,1
2000002763572160 ,1
2000002763580890 ,1
2000002763589790 ,1
2000002763590320 ,1
2000002763591750 ,1
2000002766502240 ,1
2000002772669570 ,1
2000002772741770 ,1
2000002775201810 ,1
2000002775216970 ,1
2000002775226300 ,1
2000002775297460 ,1
2000002775300190 ,1
2000002775301820 ,1
2000002775305500 ,1
2000002775311090 ,1
2000002775326060 ,1
2000002775330060 ,1
2000002775333000 ,1
2000002775333240 ,1
2000002775335740 ,1
2000002775343630 ,1
2000002775345040 ,1
2000002775355520 ,1
2000002775372340 ,1
2000002775372970 ,1
2000002775374460 ,1
2000002775380570 ,1
2000002775380740 ,1
2000002775385130 ,1
2000002775390490 ,1
2000002775396710 ,1
2000002775397040 ,1
2000002775398120 ,1
2000002775409870 ,1
2000002775427550 ,1
2000002775432290 ,1
2000002775432830 ,1
2000002775433080 ,1
2000002775434610 ,1
2000002775435860 ,1
2000002775440340 ,1
2000002775442200 ,1
2000002775465030 ,1
2000002775472790 ,1
2000002775473840 ,1
2000002775493100 ,1
2000002775636050 ,1
2000002775795210 ,1
2000002779092530 ,1
2000002780903790 ,1
2000002780906130 ,1
2000002781508920 ,1
2000002781522390 ,1
2000002781539750 ,1
2000002781547740 ,1
2000002781549120 ,1
2000002781586190 ,1
2000002781595380 ,1
2000002781622630 ,1
2000002781654570 ,1
2000002781680130 ,1
2000002781693290 ,1
2000002781695080 ,1
2000002781727610 ,1
2000002782590840 ,1
2000002782795210 ,1
2000002783503550 ,1
2000002783517720 ,1
2000002783520810 ,1
2000002783614400 ,1
2000002783949890 ,1
2000002787662710 ,1
2000002787909360 ,1
2000002787918710 ,1
2000002787925190 ,1
2000002788115890 ,1
2000002788125200 ,1
2000002789597330 ,1
2000002789599700 ,1
2000002790416040 ,1
2000002790419350 ,1
2000002790602950 ,1
2000002790623030 ,1
2000002791948310 ,1
2000002792180110 ,1
2000002792238730 ,1
2000002792595640 ,1
2000002792598790 ,1
2000002792897880 ,1
2000002792898140 ,1
2000002792898980 ,1
2000002792899080 ,1
2000002793797410 ,1
2000002793822960 ,1
2000002793823080 ,1
2000002793825680 ,1
2000002793825920 ,1
2000002793826070 ,1
2000002793826170 ,1
2000002793826420 ,1
2000002793827640 ,1
2000002793828490 ,1
2000002793848010 ,1
2000002793854460 ,1
2000002793873140 ,1
2000002794001460 ,1
2000002794002130 ,1
2000002794012350 ,1
2000002794013240 ,1
2000002794022540 ,1
2000002794024830 ,1
2000002794025670 ,1
2000002794026970 ,1
2000002794027330 ,1
2000002794029370 ,1
2000002794030460 ,1
2000002794042230 ,1
2000002794047590 ,1
2000002794057040 ,1
2000002794057780 ,1
2000002794059230 ,1
2000002794077550 ,1
2000002797476660 ,1
2000002797518890 ,1
2000002804295220 ,1
2000002804398970 ,1
2000002804403990 ,1
2000002807599230 ,1
2000002807599830 ,1
2000002807611420 ,1
2000002808016980 ,1
2000002808161590 ,1
2000002810096150 ,1
2000002810097660 ,1
2000002810196910 ,1
2000002810208230 ,1
2000002810213870 ,1
2000002810237360 ,1
2000002810244330 ,1
2000002810247370 ,1
2000002810248430 ,1
2000002810248620 ,1
2000002810249510 ,1
2000002810307420 ,1
2000002810307630 ,1
2000002810311240 ,1
2000002810313250 ,1
2000002810329000 ,1
2000002810340180 ,1
2000002810345350 ,1
2000002810347490 ,1
2000002810347980 ,1
2000002814006570 ,1
2000002816596330 ,1
2000002818996510 ,1
2000002818996510 ,1
2000002818997510 ,1
2000002819015250 ,1
2000002819023650 ,1
2000002819039560 ,1
2000002819104360 ,1
2000002819104640 ,1
2000002819107470 ,1
2000002819108390 ,1
2000002819108960 ,1
2000002819111880 ,1
2000002819113700 ,1
2000002819114590 ,1
2000002819115030 ,1
2000002819115360 ,1
2000002819120820 ,1
2000002819124130 ,1
2000002819130300 ,1
2000002819135580 ,1
2000002819140430 ,1
2000002819141630 ,1
2000002822611640 ,1
2000002823297920 ,1
2000002823321500 ,1
2000002823343500 ,1
2000002823417800 ,1
2000002824313880 ,1
2000002828795860 ,1
2000002828796050 ,1
2000002828796560 ,1
2000002828819720 ,1
2000002828912180 ,1
2000002828921660 ,1
2000002828925510 ,1
2000002830430050 ,1
2000002835395230 ,1
2000002835397980 ,1
2000002835398850 ,1
2000002835418080 ,1
2000002835423090 ,1
2000002835426590 ,1
2000002835429500 ,1
2000002835430310 ,1
2000002835443550 ,1
2000002835450990 ,1
2000002835453540 ,1
2000002835457790 ,1
2000002835463710 ,1
2000002835466280 ,1
2000002835475790 ,1
2000002835606230 ,1
2000002835635880 ,1
2000002835638780 ,1
2000002835674690 ,1
2000002844574150 ,1
2000002848799740 ,1
2000002848805910 ,1
2000002848806090 ,1
2000002848806110 ,1
2000002848807340 ,1
2000002848816870 ,1
2000002848906130 ,1
2000002848906180 ,1
2000002848908010 ,1
2000002848910910 ,1
2000002848912400 ,1
2000002848913430 ,1
2000002848917230 ,1
2000002848918450 ,1
2000002849348840 ,1
2000002853296980 ,1
2000002853301730 ,1
2000002853306960 ,1
2000002853308370 ,1
2000002853405720 ,1
2000002853409820 ,1
2000002853603800 ,1
2000002857698050 ,1
2000002859495710 ,1
2000002859498660 ,1
2000002859517450 ,1
2000002859529180 ,1
2000002859531890 ,1
2000002859539310 ,1
2000002859795490 ,1
2000002859796780 ,1
2000002859797760 ,1
2000002859798340 ,1
2000002859816360 ,1
2000002859822760 ,1
2000002859827650 ,1
2000002859836740 ,1
2000002859839940 ,1
2000002859842830 ,1
2000002859862960 ,1
2000002860031830 ,1
2000002861312380 ,1
2000002865408830 ,1
2000002866731980 ,1
2000002869918870 ,1
2000002869931930 ,1
2000002869948630 ,1
2000002869948730 ,1
2000002869957110 ,1
2000002869958980 ,1
2000002870007290 ,1
2000002870014180 ,1
2000002870022930 ,1
2000002870025820 ,1
2000002870034220 ,1
2000002870040800 ,1
2000002870066630 ,1
2000002870078140 ,1
2000002870093610 ,1
2000002870093670 ,1
2000002870302930 ,1
2000002870666760 ,1
2000002870684200 ,1
2000002873823050 ,1
2000002874071400 ,1
2000002876806990 ,1
2000002880596940 ,1
2000002880598810 ,1
2000002880606550 ,1
2000002880618080 ,1
2000002880622240 ,1
2000002880624840 ,1
2000002880805580 ,1
2000002880807440 ,1
2000002880814420 ,1
2000002880817280 ,1
2000002881408460 ,1
2000002881588750 ,1
2000002885002040 ,1
2000002885395970 ,1
2000002885427730 ,1
2000002885496060 ,1
2000002885496690 ,1
2000002885740860 ,1
2000002890098180 ,1
2000002890101360 ,1
2000002890101680 ,1
2000002890201580 ,1
2000002890398110 ,1
2000002891095770 ,1
2000002892096320 ,1
2000002892097190 ,1
2000002892196490 ,1
2000002895196170 ,1
2000002895199060 ,1
2000002896203330 ,1
2000002896209600 ,1
2000002896220940 ,1
2000002896230160 ,1
2000002896235170 ,1
2000002896249020 ,1
2000002896258950 ,1
2000002896260770 ,1
2000002896296990 ,1
2000002896328610 ,1
2000002896344280 ,1
2000002896359420 ,1
2000002896362420 ,1
2000002896366630 ,1
2000002897329590 ,1
2000002900595290 ,1
2000002900604450 ,1
2000002901792540 ,1
2000002905953340 ,1
2000002906054700 ,1
2000002906097030 ,1
2000002909202460 ,1
2000002911942330 ,1
2000002911998650 ,1
2000002912012120 ,1
2000002912042950 ,1
2000002918511220 ,1
2000002919299710 ,1
2000002919554430 ,1
2000002920417530 ,1
2000002920898380 ,1
2000002923320870 ,1
2000002923324070 ,1
2000002923328260 ,1
2000002923331310 ,1
2000002923404650 ,1
2000002923417570 ,1
2000002923421490 ,1
2000002923423830 ,1
2000002923424990 ,1
2000002923432990 ,1
2000002923535040 ,1
2000002923646270 ,1
2000002926402080 ,1
2000002926411000 ,1
2000002926414340 ,1
2000002926426170 ,1
2000002926499030 ,1
2000002926504950 ,1
2000002926505930 ,1
2000002926511750 ,1
2000002926515060 ,1
2000002926526320 ,1
2000002926526550 ,1
2000002926527490 ,1
2000002927795360 ,1
2000002927795520 ,1
2000002928201590 ,1
2000002928201780 ,1
2000002928206060 ,1
2000002928211020 ,1
2000002928235040 ,1
2000002928235080 ,1
2000002928236200 ,1
2000002928239040 ,1
2000002928243670 ,1
2000002928247010 ,1
2000002928249850 ,1
2000002928263500 ,1
2000002928276680 ,1
2000002928282750 ,1
2000002928286580 ,1
2000002928298150 ,1
2000002928306790 ,1
2000002928319000 ,1
2000002928319990 ,1
2000002928332230 ,1
2000002928336650 ,1
2000002928336740 ,1
2000002928337380 ,1
2000002928345330 ,1
2000002928346280 ,1
2000002928355040 ,1
2000002928362130 ,1
2000002928374610 ,1
2000002928384470 ,1
2000002928387790 ,1
2000002928387870 ,1
2000002928390200 ,1
2000002929087950 ,1
2000002931406200 ,1
2000002931413100 ,1
2000002931441720 ,1
2000002931467860 ,1
2000002931468140 ,1
2000002931472180 ,1
2000002931495670 ,1
2000002931501420 ,1
2000002931512390 ,1
2000002931513420 ,1
2000002931525390 ,1
2000002931529640 ,1
2000002931529870 ,1
2000002931530180 ,1
2000002931534350 ,1
2000002931543260 ,1
2000002931547550 ,1
2000002931548840 ,1
2000002931549920 ,1
2000002931555790 ,1
2000002931571420 ,1
2000002931584370 ,1
2000002932936780 ,1
2000002934525360 ,1
2000002935211370 ,1
2000002935212170 ,1
2000002935212390 ,1
2000002935308720 ,1
2000002935309860 ,1
2000002936044480 ,1
2000002936295960 ,1
2000002937095550 ,1
2000002937995620 ,1
2000002937995740 ,1
2000002937996560 ,1
2000002938008420 ,1
2000002938018700 ,1
2000002938026460 ,1
2000002938034260 ,1
2000002938099430 ,1
2000002938101260 ,1
2000002938112640 ,1
2000002938518010 ,1
2000002939197580 ,1
2000002939203720 ,1
2000002939227180 ,1
2000002939313360 ,1
2000002939323280 ,1
2000002939327610 ,1
2000002940220140 ,1
2000002940317890 ,1
2000002941209910 ,1
2000002941212850 ,1
2000002943617210 ,1
2000002943810180 ,1
